epoch (ms),time (-13:00),elapsed (s),x-axis (deg/s),y-axis (deg/s),z-axis (deg/s)
1573070563796,2019-11-06T15:02:43.796,0.000,-0.793,-2.500,5.549
1573070563806,2019-11-06T15:02:43.806,0.010,-0.427,-2.500,5.671
1573070563816,2019-11-06T15:02:43.816,0.020,-0.854,-2.439,5.793
1573070563826,2019-11-06T15:02:43.826,0.030,-1.341,-2.134,5.732
1573070563836,2019-11-06T15:02:43.836,0.040,-1.646,-1.890,5.549
1573070563846,2019-11-06T15:02:43.846,0.050,-1.646,-1.829,5.244
1573070563856,2019-11-06T15:02:43.856,0.060,-1.707,-1.768,5.244
1573070563866,2019-11-06T15:02:43.866,0.070,-1.646,-1.707,5.305
1573070563876,2019-11-06T15:02:43.876,0.080,-1.402,-1.646,5.305
1573070563886,2019-11-06T15:02:43.886,0.090,-1.280,-1.524,5.305
1573070563896,2019-11-06T15:02:43.896,0.100,-1.098,-1.524,5.000
1573070563906,2019-11-06T15:02:43.906,0.110,-0.915,-1.585,4.512
1573070563916,2019-11-06T15:02:43.916,0.120,-1.098,-1.524,3.780
1573070563926,2019-11-06T15:02:43.926,0.130,-1.220,-1.524,3.476
1573070563936,2019-11-06T15:02:43.936,0.140,-1.341,-1.646,3.659
1573070563946,2019-11-06T15:02:43.946,0.150,-1.220,-1.768,3.963
1573070563956,2019-11-06T15:02:43.956,0.160,-1.463,-1.829,3.841
1573070563966,2019-11-06T15:02:43.966,0.170,-1.707,-2.134,3.537
1573070563976,2019-11-06T15:02:43.976,0.180,-1.707,-2.317,3.598
1573070563986,2019-11-06T15:02:43.986,0.190,-1.890,-2.622,4.024
1573070563996,2019-11-06T15:02:43.996,0.200,-2.256,-2.805,4.939
1573070564006,2019-11-06T15:02:44.006,0.210,-2.744,-2.866,6.037
1573070564016,2019-11-06T15:02:44.016,0.220,-3.476,-2.988,6.707
1573070564026,2019-11-06T15:02:44.026,0.230,-4.268,-2.866,7.073
1573070564036,2019-11-06T15:02:44.036,0.240,-5.061,-2.744,7.683
1573070564046,2019-11-06T15:02:44.046,0.250,-5.305,-2.683,8.537
1573070564056,2019-11-06T15:02:44.056,0.260,-5.366,-2.500,9.085
1573070564066,2019-11-06T15:02:44.066,0.270,-5.488,-2.378,9.024
1573070564076,2019-11-06T15:02:44.076,0.280,-5.244,-2.378,9.085
1573070564086,2019-11-06T15:02:44.086,0.290,-4.573,-2.439,10.183
1573070564096,2019-11-06T15:02:44.096,0.300,-3.659,-2.805,13.415
1573070564106,2019-11-06T15:02:44.106,0.310,-2.134,-3.232,18.720
1573070564116,2019-11-06T15:02:44.116,0.320,-1.341,-3.293,24.451
1573070564126,2019-11-06T15:02:44.126,0.330,-2.134,-2.988,28.659
1573070564136,2019-11-06T15:02:44.136,0.340,-4.207,-2.073,30.793
1573070564146,2019-11-06T15:02:44.146,0.350,-6.768,-0.671,31.220
1573070564156,2019-11-06T15:02:44.156,0.360,-9.085,0.427,30.671
1573070564166,2019-11-06T15:02:44.166,0.370,-10.244,1.341,30.366
1573070564176,2019-11-06T15:02:44.176,0.380,-10.183,2.378,30.183
1573070564186,2019-11-06T15:02:44.186,0.390,-9.756,3.293,30.000
1573070564196,2019-11-06T15:02:44.196,0.400,-9.146,4.207,29.756
1573070564206,2019-11-06T15:02:44.206,0.410,-8.659,5.366,29.085
1573070564216,2019-11-06T15:02:44.216,0.420,-8.902,6.890,27.683
1573070564226,2019-11-06T15:02:44.226,0.430,-9.573,8.598,25.427
1573070564236,2019-11-06T15:02:44.236,0.440,-10.366,10.366,22.500
1573070564246,2019-11-06T15:02:44.246,0.450,-11.159,12.073,19.390
1573070564256,2019-11-06T15:02:44.256,0.460,-11.402,13.720,17.134
1573070564266,2019-11-06T15:02:44.266,0.470,-11.463,14.939,15.122
1573070564276,2019-11-06T15:02:44.276,0.480,-11.280,15.793,13.110
1573070564286,2019-11-06T15:02:44.286,0.490,-10.976,16.402,10.854
1573070564296,2019-11-06T15:02:44.296,0.500,-10.549,16.646,8.415
1573070564306,2019-11-06T15:02:44.306,0.510,-9.817,16.829,6.341
1573070564316,2019-11-06T15:02:44.316,0.520,-8.780,16.890,5.000
1573070564326,2019-11-06T15:02:44.326,0.530,-8.232,16.768,4.512
1573070564336,2019-11-06T15:02:44.336,0.540,-7.622,16.524,5.183
1573070564346,2019-11-06T15:02:44.346,0.550,-7.195,16.159,6.341
1573070564356,2019-11-06T15:02:44.356,0.560,-7.622,16.098,7.317
1573070564366,2019-11-06T15:02:44.366,0.570,-8.293,16.037,8.902
1573070564376,2019-11-06T15:02:44.376,0.580,-8.232,15.915,11.890
1573070564386,2019-11-06T15:02:44.386,0.590,-8.110,15.854,15.305
1573070564396,2019-11-06T15:02:44.396,0.600,-9.085,15.915,16.646
1573070564406,2019-11-06T15:02:44.406,0.610,-12.256,16.707,14.329
1573070564416,2019-11-06T15:02:44.416,0.620,-16.280,18.232,11.098
1573070564426,2019-11-06T15:02:44.426,0.630,-19.085,19.878,11.524
1573070564436,2019-11-06T15:02:44.436,0.640,-20.610,21.646,16.341
1573070564446,2019-11-06T15:02:44.446,0.650,-21.768,23.598,22.927
1573070564456,2019-11-06T15:02:44.456,0.660,-24.451,26.220,26.890
1573070564466,2019-11-06T15:02:44.466,0.670,-30.427,29.573,25.854
1573070564476,2019-11-06T15:02:44.476,0.680,-37.683,32.866,21.220
1573070564486,2019-11-06T15:02:44.486,0.690,-43.780,35.061,15.122
1573070564496,2019-11-06T15:02:44.496,0.700,-47.012,36.341,11.098
1573070564506,2019-11-06T15:02:44.506,0.710,-47.378,37.195,10.671
1573070564516,2019-11-06T15:02:44.516,0.720,-46.037,37.866,12.134
1573070564526,2019-11-06T15:02:44.526,0.730,-43.902,37.866,13.110
1573070564536,2019-11-06T15:02:44.536,0.740,-41.829,36.829,13.110
1573070564546,2019-11-06T15:02:44.546,0.750,-40.061,35.305,12.317
1573070564556,2019-11-06T15:02:44.556,0.760,-37.866,33.720,11.768
1573070564566,2019-11-06T15:02:44.566,0.770,-34.512,31.768,13.171
1573070564576,2019-11-06T15:02:44.576,0.780,-30.732,29.329,15.976
1573070564586,2019-11-06T15:02:44.586,0.790,-27.927,26.524,17.134
1573070564596,2019-11-06T15:02:44.596,0.800,-26.098,24.085,16.890
1573070564606,2019-11-06T15:02:44.606,0.810,-24.512,21.951,16.098
1573070564616,2019-11-06T15:02:44.616,0.820,-23.415,19.878,15.122
1573070564626,2019-11-06T15:02:44.626,0.830,-22.561,17.988,15.061
1573070564636,2019-11-06T15:02:44.636,0.840,-21.890,16.220,15.610
1573070564646,2019-11-06T15:02:44.646,0.850,-22.134,15.122,15.610
1573070564656,2019-11-06T15:02:44.656,0.860,-22.927,14.329,14.878
1573070564666,2019-11-06T15:02:44.666,0.870,-23.902,13.354,13.354
1573070564676,2019-11-06T15:02:44.676,0.880,-24.024,12.439,12.317
1573070564686,2019-11-06T15:02:44.686,0.890,-22.073,11.585,13.171
1573070564696,2019-11-06T15:02:44.696,0.900,-19.817,10.854,14.634
1573070564706,2019-11-06T15:02:44.706,0.910,-18.537,10.427,15.732
1573070564716,2019-11-06T15:02:44.716,0.920,-18.049,10.427,16.037
1573070564726,2019-11-06T15:02:44.726,0.930,-18.110,10.549,15.305
1573070564736,2019-11-06T15:02:44.736,0.940,-18.902,10.793,13.537
1573070564746,2019-11-06T15:02:44.746,0.950,-20.671,11.159,10.427
1573070564756,2019-11-06T15:02:44.756,0.960,-21.402,11.890,8.476
1573070564766,2019-11-06T15:02:44.766,0.970,-21.341,12.744,6.768
1573070564776,2019-11-06T15:02:44.776,0.980,-23.902,13.841,0.976
1573070564786,2019-11-06T15:02:44.786,0.990,-27.012,14.878,-5.183
1573070564796,2019-11-06T15:02:44.796,1.000,-24.085,15.488,-3.049
1573070564806,2019-11-06T15:02:44.806,1.010,-16.341,15.732,5.671
1573070564816,2019-11-06T15:02:44.816,1.020,-12.073,16.585,10.000
1573070564826,2019-11-06T15:02:44.826,1.030,-14.146,17.805,7.134
1573070564836,2019-11-06T15:02:44.836,1.040,-16.037,18.963,4.085
1573070564846,2019-11-06T15:02:44.846,1.050,-14.024,19.512,4.573
1573070564856,2019-11-06T15:02:44.856,1.060,-11.402,19.695,6.037
1573070564866,2019-11-06T15:02:44.866,1.070,-9.573,19.573,7.073
1573070564876,2019-11-06T15:02:44.876,1.080,-7.561,19.329,7.317
1573070564886,2019-11-06T15:02:44.886,1.090,-5.549,18.841,7.195
1573070564896,2019-11-06T15:02:44.896,1.100,-4.207,17.805,6.037
1573070564906,2019-11-06T15:02:44.906,1.110,-3.537,16.646,4.451
1573070564916,2019-11-06T15:02:44.916,1.120,-1.524,15.366,5.610
1573070564926,2019-11-06T15:02:44.926,1.130,2.378,14.085,9.451
1573070564936,2019-11-06T15:02:44.936,1.140,5.915,12.622,12.439
1573070564946,2019-11-06T15:02:44.946,1.150,8.110,11.463,13.841
1573070564956,2019-11-06T15:02:44.956,1.160,8.720,10.610,13.476
1573070564966,2019-11-06T15:02:44.966,1.170,7.988,10.000,12.073
1573070564976,2019-11-06T15:02:44.976,1.180,7.622,9.085,11.585
1573070564986,2019-11-06T15:02:44.986,1.190,8.293,8.537,12.500
1573070564996,2019-11-06T15:02:44.996,1.200,8.720,8.171,13.049
1573070565006,2019-11-06T15:02:45.006,1.210,7.378,7.683,11.768
1573070565016,2019-11-06T15:02:45.016,1.220,4.756,7.378,9.512
1573070565026,2019-11-06T15:02:45.026,1.230,2.500,6.951,7.500
1573070565036,2019-11-06T15:02:45.036,1.240,0.976,6.402,6.280
1573070565046,2019-11-06T15:02:45.046,1.250,-0.549,5.976,4.939
1573070565056,2019-11-06T15:02:45.056,1.260,-2.683,5.366,2.744
1573070565066,2019-11-06T15:02:45.066,1.270,-4.695,4.512,0.427
1573070565076,2019-11-06T15:02:45.076,1.280,-6.280,3.841,-1.585
1573070565086,2019-11-06T15:02:45.086,1.290,-7.195,3.110,-2.622
1573070565096,2019-11-06T15:02:45.096,1.300,-7.134,2.012,-2.378
1573070565106,2019-11-06T15:02:45.106,1.310,-6.098,0.732,-0.061
1573070565116,2019-11-06T15:02:45.116,1.320,-4.268,-0.549,3.902
1573070565126,2019-11-06T15:02:45.126,1.330,-2.073,-1.768,8.476
1573070565136,2019-11-06T15:02:45.136,1.340,0.427,-3.232,13.659
1573070565146,2019-11-06T15:02:45.146,1.350,2.683,-4.451,18.841
1573070565156,2019-11-06T15:02:45.156,1.360,4.634,-5.610,23.841
1573070565166,2019-11-06T15:02:45.166,1.370,6.585,-7.012,28.476
1573070565176,2019-11-06T15:02:45.176,1.380,7.744,-7.805,32.134
1573070565186,2019-11-06T15:02:45.186,1.390,8.659,-8.537,34.878
1573070565196,2019-11-06T15:02:45.196,1.400,10.061,-9.512,37.012
1573070565206,2019-11-06T15:02:45.206,1.410,10.061,-10.305,36.951
1573070565216,2019-11-06T15:02:45.216,1.420,8.720,-10.915,35.183
1573070565226,2019-11-06T15:02:45.226,1.430,7.317,-11.402,32.988
1573070565236,2019-11-06T15:02:45.236,1.440,6.402,-12.134,31.220
1573070565246,2019-11-06T15:02:45.246,1.450,6.951,-13.049,29.695
1573070565256,2019-11-06T15:02:45.256,1.460,7.622,-14.146,27.805
1573070565266,2019-11-06T15:02:45.266,1.470,8.354,-15.671,26.768
1573070565276,2019-11-06T15:02:45.276,1.480,9.512,-17.622,28.232
1573070565286,2019-11-06T15:02:45.286,1.490,12.012,-20.122,32.744
1573070565296,2019-11-06T15:02:45.296,1.500,15.549,-22.988,39.024
1573070565306,2019-11-06T15:02:45.306,1.510,18.841,-25.549,46.402
1573070565316,2019-11-06T15:02:45.316,1.520,22.134,-27.744,53.415
1573070565326,2019-11-06T15:02:45.326,1.530,25.122,-29.268,58.293
1573070565336,2019-11-06T15:02:45.336,1.540,26.951,-29.634,59.695
1573070565346,2019-11-06T15:02:45.346,1.550,26.463,-29.512,57.439
1573070565356,2019-11-06T15:02:45.356,1.560,25.549,-29.268,53.049
1573070565366,2019-11-06T15:02:45.366,1.570,26.220,-28.354,48.659
1573070565376,2019-11-06T15:02:45.376,1.580,26.037,-27.256,44.024
1573070565386,2019-11-06T15:02:45.386,1.590,25.061,-25.610,40.183
1573070565396,2019-11-06T15:02:45.396,1.600,23.720,-24.085,37.805
1573070565406,2019-11-06T15:02:45.406,1.610,22.317,-23.171,38.049
1573070565416,2019-11-06T15:02:45.416,1.620,19.878,-22.500,38.171
1573070565426,2019-11-06T15:02:45.426,1.630,17.561,-21.890,39.329
1573070565436,2019-11-06T15:02:45.436,1.640,24.451,-21.829,47.378
1573070565446,2019-11-06T15:02:45.446,1.650,29.756,-21.037,52.988
1573070565456,2019-11-06T15:02:45.456,1.660,27.439,-19.024,52.622
1573070565466,2019-11-06T15:02:45.466,1.670,26.280,-15.854,53.354
1573070565476,2019-11-06T15:02:45.476,1.680,30.061,-13.049,58.720
1573070565486,2019-11-06T15:02:45.486,1.690,31.585,-10.793,62.744
1573070565496,2019-11-06T15:02:45.496,1.700,25.061,-8.171,58.476
1573070565506,2019-11-06T15:02:45.506,1.710,14.756,-4.878,48.171
1573070565516,2019-11-06T15:02:45.516,1.720,13.049,-1.585,46.768
1573070565526,2019-11-06T15:02:45.526,1.730,23.415,1.890,54.573
1573070565536,2019-11-06T15:02:45.536,1.740,24.329,6.341,56.159
1573070565546,2019-11-06T15:02:45.546,1.750,14.329,11.098,51.098
1573070565556,2019-11-06T15:02:45.556,1.760,-3.902,14.512,43.476
1573070565566,2019-11-06T15:02:45.566,1.770,-14.329,17.012,40.061
1573070565576,2019-11-06T15:02:45.576,1.780,-13.293,18.293,39.756
1573070565586,2019-11-06T15:02:45.586,1.790,-12.561,19.451,35.854
1573070565596,2019-11-06T15:02:45.596,1.800,-9.939,21.098,32.134
1573070565606,2019-11-06T15:02:45.606,1.810,-5.671,22.134,28.049
1573070565616,2019-11-06T15:02:45.616,1.820,-8.476,22.744,18.537
1573070565626,2019-11-06T15:02:45.626,1.830,-13.415,23.049,6.646
1573070565636,2019-11-06T15:02:45.636,1.840,-15.000,23.598,-3.476
1573070565646,2019-11-06T15:02:45.646,1.850,-15.854,24.573,-12.317
1573070565656,2019-11-06T15:02:45.656,1.860,-17.256,25.610,-20.122
1573070565666,2019-11-06T15:02:45.666,1.870,-17.012,26.646,-24.756
1573070565676,2019-11-06T15:02:45.676,1.880,-15.427,27.439,-26.585
1573070565686,2019-11-06T15:02:45.686,1.890,-13.841,27.683,-27.256
1573070565696,2019-11-06T15:02:45.696,1.900,-12.683,27.805,-27.073
1573070565706,2019-11-06T15:02:45.706,1.910,-6.220,28.476,-21.951
1573070565716,2019-11-06T15:02:45.716,1.920,2.988,29.085,-11.768
1573070565726,2019-11-06T15:02:45.726,1.930,-0.610,28.232,-0.122
1573070565736,2019-11-06T15:02:45.736,1.940,-1.524,28.232,9.085
1573070565746,2019-11-06T15:02:45.746,1.950,-12.378,27.622,8.293
1573070565756,2019-11-06T15:02:45.756,1.960,-18.293,25.183,13.232
1573070565766,2019-11-06T15:02:45.766,1.970,-0.366,22.988,25.122
1573070565776,2019-11-06T15:02:45.776,1.980,3.049,20.732,26.220
1573070565786,2019-11-06T15:02:45.786,1.990,-3.841,18.720,23.537
1573070565796,2019-11-06T15:02:45.796,2.000,9.207,17.439,29.146
1573070565806,2019-11-06T15:02:45.806,2.010,13.354,14.939,30.854
1573070565816,2019-11-06T15:02:45.816,2.020,1.220,13.354,22.134
1573070565826,2019-11-06T15:02:45.826,2.030,-8.049,12.805,16.646
1573070565836,2019-11-06T15:02:45.836,2.040,-9.207,11.402,16.768
1573070565846,2019-11-06T15:02:45.846,2.050,-7.927,8.720,14.939
1573070565856,2019-11-06T15:02:45.856,2.060,-3.354,6.463,8.902
1573070565866,2019-11-06T15:02:45.866,2.070,2.622,6.341,2.134
1573070565876,2019-11-06T15:02:45.876,2.080,4.695,7.195,-1.829
1573070565886,2019-11-06T15:02:45.886,2.090,1.768,8.293,-8.232
1573070565896,2019-11-06T15:02:45.896,2.100,-3.476,9.329,-20.427
1573070565906,2019-11-06T15:02:45.906,2.110,-7.012,10.183,-31.890
1573070565916,2019-11-06T15:02:45.916,2.120,-6.951,10.244,-39.146
1573070565926,2019-11-06T15:02:45.926,2.130,-9.878,10.610,-46.585
1573070565936,2019-11-06T15:02:45.936,2.140,-15.183,12.012,-53.415
1573070565946,2019-11-06T15:02:45.946,2.150,-18.963,13.537,-57.378
1573070565956,2019-11-06T15:02:45.956,2.160,-21.585,15.061,-61.951
1573070565966,2019-11-06T15:02:45.966,2.170,-24.573,16.951,-68.171
1573070565976,2019-11-06T15:02:45.976,2.180,-39.634,17.256,-75.488
1573070565986,2019-11-06T15:02:45.986,2.190,-42.317,17.927,-78.780
1573070565996,2019-11-06T15:02:45.996,2.200,-35.549,17.378,-73.659
1573070566006,2019-11-06T15:02:46.006,2.210,-27.683,15.793,-66.159
1573070566016,2019-11-06T15:02:46.016,2.220,-22.012,14.085,-59.451
1573070566026,2019-11-06T15:02:46.026,2.230,-16.829,12.134,-52.256
1573070566036,2019-11-06T15:02:46.036,2.240,-9.512,9.634,-41.890
1573070566046,2019-11-06T15:02:46.046,2.250,-1.463,6.829,-28.902
1573070566056,2019-11-06T15:02:46.056,2.260,-1.159,5.061,-22.256
1573070566066,2019-11-06T15:02:46.066,2.270,-7.622,4.085,-20.488
1573070566076,2019-11-06T15:02:46.076,2.280,-5.671,2.500,-11.768
1573070566086,2019-11-06T15:02:46.086,2.290,-4.573,0.549,-3.963
1573070566096,2019-11-06T15:02:46.096,2.300,-13.171,-1.280,-0.549
1573070566106,2019-11-06T15:02:46.106,2.310,-10.671,-2.073,2.805
1573070566116,2019-11-06T15:02:46.116,2.320,-1.402,-3.232,5.122
1573070566126,2019-11-06T15:02:46.126,2.330,0.061,-4.207,1.402
1573070566136,2019-11-06T15:02:46.136,2.340,-5.671,-3.963,-9.512
1573070566146,2019-11-06T15:02:46.146,2.350,-9.634,-3.537,-17.195
1573070566156,2019-11-06T15:02:46.156,2.360,-1.280,-4.268,-12.683
1573070566166,2019-11-06T15:02:46.166,2.370,4.695,-5.427,-5.671
1573070566176,2019-11-06T15:02:46.176,2.380,-3.720,-3.720,-4.939
1573070566186,2019-11-06T15:02:46.186,2.390,-10.061,-0.854,-3.110
1573070566196,2019-11-06T15:02:46.196,2.400,-11.402,0.610,-0.549
1573070566206,2019-11-06T15:02:46.206,2.410,-10.732,1.707,-1.159
1573070566216,2019-11-06T15:02:46.216,2.420,-10.244,2.439,-3.720
1573070566226,2019-11-06T15:02:46.226,2.430,-11.402,3.232,-8.720
1573070566236,2019-11-06T15:02:46.236,2.440,-9.634,4.085,-14.024
1573070566246,2019-11-06T15:02:46.246,2.450,-8.415,4.146,-20.915
1573070566256,2019-11-06T15:02:46.256,2.460,-10.366,3.598,-29.085
1573070566266,2019-11-06T15:02:46.266,2.470,-8.902,2.500,-33.293
1573070566276,2019-11-06T15:02:46.276,2.480,-6.463,0.976,-36.280
1573070566286,2019-11-06T15:02:46.286,2.490,-6.098,-0.671,-39.207
1573070566296,2019-11-06T15:02:46.296,2.500,-3.232,-2.500,-37.622
1573070566306,2019-11-06T15:02:46.306,2.510,0.488,-4.817,-33.110
1573070566316,2019-11-06T15:02:46.316,2.520,4.268,-7.256,-26.280
1573070566326,2019-11-06T15:02:46.326,2.530,10.000,-10.366,-16.585
1573070566336,2019-11-06T15:02:46.336,2.540,14.939,-14.024,-6.768
1573070566346,2019-11-06T15:02:46.346,2.550,15.305,-16.890,-1.463
1573070566356,2019-11-06T15:02:46.356,2.560,16.341,-19.268,4.756
1573070566366,2019-11-06T15:02:46.366,2.570,26.037,-21.890,18.720
1573070566376,2019-11-06T15:02:46.376,2.580,31.220,-23.963,27.561
1573070566386,2019-11-06T15:02:46.386,2.590,31.341,-24.939,29.268
1573070566396,2019-11-06T15:02:46.396,2.600,34.146,-25.915,30.122
1573070566406,2019-11-06T15:02:46.406,2.610,37.378,-27.378,29.878
1573070566416,2019-11-06T15:02:46.416,2.620,31.280,-29.268,17.988
1573070566426,2019-11-06T15:02:46.426,2.630,15.488,-30.976,-2.073
1573070566436,2019-11-06T15:02:46.436,2.640,23.659,-31.890,0.732
1573070566446,2019-11-06T15:02:46.446,2.650,53.476,-33.415,21.220
1573070566456,2019-11-06T15:02:46.456,2.660,55.366,-34.573,21.890
1573070566466,2019-11-06T15:02:46.466,2.670,32.012,-34.451,7.195
1573070566476,2019-11-06T15:02:46.476,2.680,22.439,-32.439,-3.659
1573070566486,2019-11-06T15:02:46.486,2.690,27.073,-31.098,-2.744
1573070566496,2019-11-06T15:02:46.496,2.700,31.829,-30.244,3.476
1573070566506,2019-11-06T15:02:46.506,2.710,31.037,-28.659,4.329
1573070566516,2019-11-06T15:02:46.516,2.720,27.683,-26.951,1.768
1573070566526,2019-11-06T15:02:46.526,2.730,23.720,-25.244,-3.049
1573070566536,2019-11-06T15:02:46.536,2.740,20.732,-23.293,-8.537
1573070566546,2019-11-06T15:02:46.546,2.750,17.561,-21.280,-14.939
1573070566556,2019-11-06T15:02:46.556,2.760,12.134,-18.720,-23.293
1573070566566,2019-11-06T15:02:46.566,2.770,6.707,-16.585,-31.159
1573070566576,2019-11-06T15:02:46.576,2.780,0.122,-15.244,-39.207
1573070566586,2019-11-06T15:02:46.586,2.790,-6.098,-14.207,-46.768
1573070566596,2019-11-06T15:02:46.596,2.800,-9.207,-13.354,-49.756
1573070566606,2019-11-06T15:02:46.606,2.810,-9.451,-12.805,-46.951
1573070566616,2019-11-06T15:02:46.616,2.820,-8.293,-12.500,-40.976
1573070566626,2019-11-06T15:02:46.626,2.830,-5.183,-12.317,-32.378
1573070566636,2019-11-06T15:02:46.636,2.840,-0.061,-12.561,-21.159
1573070566646,2019-11-06T15:02:46.646,2.850,5.183,-13.171,-9.024
1573070566656,2019-11-06T15:02:46.656,2.860,15.122,-12.927,2.622
1573070566666,2019-11-06T15:02:46.666,2.870,12.439,-13.415,10.244
1573070566676,2019-11-06T15:02:46.676,2.880,8.963,-12.500,9.634
1573070566686,2019-11-06T15:02:46.686,2.890,11.524,-12.134,10.061
1573070566696,2019-11-06T15:02:46.696,2.900,14.329,-12.683,11.707
1573070566706,2019-11-06T15:02:46.706,2.910,13.598,-12.988,10.122
1573070566716,2019-11-06T15:02:46.716,2.920,13.537,-13.293,10.488
1573070566726,2019-11-06T15:02:46.726,2.930,16.402,-13.720,14.573
1573070566736,2019-11-06T15:02:46.736,2.940,17.073,-14.390,15.854
1573070566746,2019-11-06T15:02:46.746,2.950,11.098,-15.183,8.780
1573070566756,2019-11-06T15:02:46.756,2.960,-2.500,-15.793,-5.183
1573070566766,2019-11-06T15:02:46.766,2.970,-11.829,-15.427,-11.463
1573070566776,2019-11-06T15:02:46.776,2.980,2.622,-14.756,2.195
1573070566786,2019-11-06T15:02:46.786,2.990,6.280,-14.878,13.963
1573070566796,2019-11-06T15:02:46.796,3.000,-5.061,-13.293,11.768
1573070566806,2019-11-06T15:02:46.806,3.010,-10.732,-10.671,13.049
1573070566816,2019-11-06T15:02:46.816,3.020,-5.305,-8.780,22.988
1573070566826,2019-11-06T15:02:46.826,3.030,1.098,-7.256,30.793
1573070566836,2019-11-06T15:02:46.836,3.040,2.195,-5.427,29.695
1573070566846,2019-11-06T15:02:46.846,3.050,5.183,-3.598,28.902
1573070566856,2019-11-06T15:02:46.856,3.060,9.817,-2.256,30.793
1573070566866,2019-11-06T15:02:46.866,3.070,10.244,-0.732,29.085
1573070566876,2019-11-06T15:02:46.876,3.080,7.195,1.098,23.659
1573070566886,2019-11-06T15:02:46.886,3.090,3.476,3.049,17.805
1573070566896,2019-11-06T15:02:46.896,3.100,0.366,5.366,13.537
1573070566906,2019-11-06T15:02:46.906,3.110,-3.598,7.866,8.659
1573070566916,2019-11-06T15:02:46.916,3.120,-8.110,10.305,2.500
1573070566926,2019-11-06T15:02:46.926,3.130,-9.878,12.317,-1.159
1573070566936,2019-11-06T15:02:46.936,3.140,-9.878,14.268,-1.402
1573070566946,2019-11-06T15:02:46.946,3.150,-7.378,15.915,4.146
1573070566956,2019-11-06T15:02:46.956,3.160,-1.707,17.073,15.000
1573070566966,2019-11-06T15:02:46.966,3.170,-1.220,17.927,20.000
1573070566976,2019-11-06T15:02:46.976,3.180,-2.012,19.207,22.927
1573070566986,2019-11-06T15:02:46.986,3.190,8.415,19.817,37.073
1573070566996,2019-11-06T15:02:46.996,3.200,15.427,20.000,47.134
1573070567006,2019-11-06T15:02:47.006,3.210,15.000,20.366,47.683
1573070567016,2019-11-06T15:02:47.016,3.220,17.439,20.366,48.963
1573070567026,2019-11-06T15:02:47.026,3.230,22.805,19.573,52.988
1573070567036,2019-11-06T15:02:47.036,3.240,26.098,18.110,55.122
1573070567046,2019-11-06T15:02:47.046,3.250,25.183,16.098,50.976
1573070567056,2019-11-06T15:02:47.056,3.260,21.890,13.963,41.951
1573070567066,2019-11-06T15:02:47.066,3.270,19.695,12.134,33.476
1573070567076,2019-11-06T15:02:47.076,3.280,18.110,10.610,26.951
1573070567086,2019-11-06T15:02:47.086,3.290,21.585,8.720,26.585
1573070567096,2019-11-06T15:02:47.096,3.300,27.073,6.707,27.683
1573070567106,2019-11-06T15:02:47.106,3.310,27.500,5.183,23.354
1573070567116,2019-11-06T15:02:47.116,3.320,25.427,4.451,17.561
1573070567126,2019-11-06T15:02:47.126,3.330,23.720,3.659,14.268
1573070567136,2019-11-06T15:02:47.136,3.340,19.268,2.744,9.024
1573070567146,2019-11-06T15:02:47.146,3.350,16.890,1.707,3.963
1573070567156,2019-11-06T15:02:47.156,3.360,19.817,0.183,2.561
1573070567166,2019-11-06T15:02:47.166,3.370,21.463,-1.220,-0.183
1573070567176,2019-11-06T15:02:47.176,3.380,19.512,-2.195,-7.439
1573070567186,2019-11-06T15:02:47.186,3.390,16.098,-2.744,-17.256
1573070567196,2019-11-06T15:02:47.196,3.400,12.927,-3.598,-26.220
1573070567206,2019-11-06T15:02:47.206,3.410,9.634,-5.305,-32.988
1573070567216,2019-11-06T15:02:47.216,3.420,7.134,-7.256,-38.537
1573070567226,2019-11-06T15:02:47.226,3.430,6.341,-9.573,-41.098
1573070567236,2019-11-06T15:02:47.236,3.440,6.707,-12.561,-40.854
1573070567246,2019-11-06T15:02:47.246,3.450,9.512,-15.305,-39.878
1573070567256,2019-11-06T15:02:47.256,3.460,12.927,-18.232,-37.805
1573070567266,2019-11-06T15:02:47.266,3.470,13.537,-22.195,-31.220
1573070567276,2019-11-06T15:02:47.276,3.480,21.646,-25.915,-18.049
1573070567286,2019-11-06T15:02:47.286,3.490,29.573,-29.451,-5.366
1573070567296,2019-11-06T15:02:47.296,3.500,27.744,-31.585,-7.622
1573070567306,2019-11-06T15:02:47.306,3.510,21.585,-33.415,-18.293
1573070567316,2019-11-06T15:02:47.316,3.520,25.915,-36.707,-15.671
1573070567326,2019-11-06T15:02:47.326,3.530,36.341,-40.610,-3.232
1573070567336,2019-11-06T15:02:47.336,3.540,43.232,-43.049,3.476
1573070567346,2019-11-06T15:02:47.346,3.550,42.134,-44.573,0.000
1573070567356,2019-11-06T15:02:47.356,3.560,40.122,-46.280,-5.183
1573070567366,2019-11-06T15:02:47.366,3.570,47.378,-47.561,-4.939
1573070567376,2019-11-06T15:02:47.376,3.580,43.963,-47.866,-6.829
1573070567386,2019-11-06T15:02:47.386,3.590,28.598,-45.061,-15.793
1573070567396,2019-11-06T15:02:47.396,3.600,17.561,-41.098,-20.183
1573070567406,2019-11-06T15:02:47.406,3.610,14.024,-38.171,-18.110
1573070567416,2019-11-06T15:02:47.416,3.620,9.207,-34.939,-17.073
1573070567426,2019-11-06T15:02:47.426,3.630,2.744,-30.305,-17.866
1573070567436,2019-11-06T15:02:47.436,3.640,1.037,-26.585,-13.171
1573070567446,2019-11-06T15:02:47.446,3.650,7.317,-23.476,-5.366
1573070567456,2019-11-06T15:02:47.456,3.660,12.622,-21.280,1.707
1573070567466,2019-11-06T15:02:47.466,3.670,13.354,-20.549,6.280
1573070567476,2019-11-06T15:02:47.476,3.680,11.463,-20.488,6.707
1573070567486,2019-11-06T15:02:47.486,3.690,7.561,-20.244,5.000
1573070567496,2019-11-06T15:02:47.496,3.700,1.951,-19.573,1.951
1573070567506,2019-11-06T15:02:47.506,3.710,-4.024,-19.512,-2.256
1573070567516,2019-11-06T15:02:47.516,3.720,-7.805,-20.732,-7.622
1573070567526,2019-11-06T15:02:47.526,3.730,-8.110,-22.744,-13.049
1573070567536,2019-11-06T15:02:47.536,3.740,-6.159,-24.817,-16.890
1573070567546,2019-11-06T15:02:47.546,3.750,-5.488,-25.976,-19.207
1573070567556,2019-11-06T15:02:47.556,3.760,-5.793,-26.280,-19.512
1573070567566,2019-11-06T15:02:47.566,3.770,-3.963,-26.098,-15.610
1573070567576,2019-11-06T15:02:47.576,3.780,0.488,-25.976,-7.500
1573070567586,2019-11-06T15:02:47.586,3.790,5.305,-25.427,2.866
1573070567596,2019-11-06T15:02:47.596,3.800,7.988,-24.329,12.500
1573070567606,2019-11-06T15:02:47.606,3.810,6.159,-22.927,15.793
1573070567616,2019-11-06T15:02:47.616,3.820,7.378,-22.073,19.207
1573070567626,2019-11-06T15:02:47.626,3.830,15.793,-22.378,29.268
1573070567636,2019-11-06T15:02:47.636,3.840,22.073,-22.805,36.646
1573070567646,2019-11-06T15:02:47.646,3.850,25.305,-22.805,39.634
1573070567656,2019-11-06T15:02:47.656,3.860,29.085,-23.110,42.561
1573070567666,2019-11-06T15:02:47.666,3.870,33.963,-23.720,47.195
1573070567676,2019-11-06T15:02:47.676,3.880,39.268,-24.634,53.049
1573070567686,2019-11-06T15:02:47.686,3.890,42.134,-25.427,55.549
1573070567696,2019-11-06T15:02:47.696,3.900,40.732,-26.098,52.622
1573070567706,2019-11-06T15:02:47.706,3.910,36.768,-27.256,45.488
1573070567716,2019-11-06T15:02:47.716,3.920,33.476,-29.146,38.841
1573070567726,2019-11-06T15:02:47.726,3.930,39.085,-31.646,43.659
1573070567736,2019-11-06T15:02:47.736,3.940,56.890,-32.561,53.963
1573070567746,2019-11-06T15:02:47.746,3.950,59.390,-33.659,57.378
1573070567756,2019-11-06T15:02:47.756,3.960,52.073,-33.720,52.012
1573070567766,2019-11-06T15:02:47.766,3.970,36.159,-32.378,38.354
1573070567776,2019-11-06T15:02:47.776,3.980,26.951,-31.037,30.305
1573070567786,2019-11-06T15:02:47.786,3.990,28.232,-30.488,31.707
1573070567796,2019-11-06T15:02:47.796,4.000,27.805,-30.793,28.720
1573070567806,2019-11-06T15:02:47.806,4.010,23.049,-30.976,17.805
1573070567816,2019-11-06T15:02:47.816,4.020,19.634,-31.159,5.915
1573070567826,2019-11-06T15:02:47.826,4.030,21.341,-31.951,-1.037
1573070567836,2019-11-06T15:02:47.836,4.040,26.890,-33.415,-3.232
1573070567846,2019-11-06T15:02:47.846,4.050,29.329,-35.488,-7.439
1573070567856,2019-11-06T15:02:47.856,4.060,29.695,-37.561,-14.085
1573070567866,2019-11-06T15:02:47.866,4.070,30.061,-39.268,-21.646
1573070567876,2019-11-06T15:02:47.876,4.080,29.512,-41.402,-29.817
1573070567886,2019-11-06T15:02:47.886,4.090,30.732,-44.024,-35.122
1573070567896,2019-11-06T15:02:47.896,4.100,36.707,-46.768,-33.659
1573070567906,2019-11-06T15:02:47.906,4.110,42.683,-49.390,-29.390
1573070567916,2019-11-06T15:02:47.916,4.120,44.024,-51.890,-27.744
1573070567926,2019-11-06T15:02:47.926,4.130,41.768,-54.146,-28.415
1573070567936,2019-11-06T15:02:47.936,4.140,39.390,-56.098,-28.049
1573070567946,2019-11-06T15:02:47.946,4.150,42.683,-57.195,-25.244
1573070567956,2019-11-06T15:02:47.956,4.160,37.073,-59.390,-21.280
1573070567966,2019-11-06T15:02:47.966,4.170,33.598,-60.610,-18.598
1573070567976,2019-11-06T15:02:47.976,4.180,24.573,-61.402,-26.768
1573070567986,2019-11-06T15:02:47.986,4.190,11.098,-61.159,-48.171
1573070567996,2019-11-06T15:02:47.996,4.200,16.585,-62.622,-47.073
1573070568006,2019-11-06T15:02:48.006,4.210,29.878,-65.366,-29.695
1573070568016,2019-11-06T15:02:48.016,4.220,26.098,-65.976,-34.512
1573070568026,2019-11-06T15:02:48.026,4.230,10.305,-66.524,-53.110
1573070568036,2019-11-06T15:02:48.036,4.240,6.037,-68.171,-59.634
1573070568046,2019-11-06T15:02:48.046,4.250,27.378,-69.268,-51.524
1573070568056,2019-11-06T15:02:48.056,4.260,47.378,-69.817,-44.573
1573070568066,2019-11-06T15:02:48.066,4.270,53.659,-70.122,-42.195
1573070568076,2019-11-06T15:02:48.076,4.280,50.122,-68.963,-41.646
1573070568086,2019-11-06T15:02:48.086,4.290,36.890,-66.098,-43.354
1573070568096,2019-11-06T15:02:48.096,4.300,17.866,-62.683,-48.415
1573070568106,2019-11-06T15:02:48.106,4.310,-1.707,-58.780,-54.268
1573070568116,2019-11-06T15:02:48.116,4.320,-15.610,-54.329,-57.988
1573070568126,2019-11-06T15:02:48.126,4.330,-26.280,-49.451,-62.683
1573070568136,2019-11-06T15:02:48.136,4.340,-35.000,-45.183,-70.183
1573070568146,2019-11-06T15:02:48.146,4.350,-39.939,-42.622,-80.061
1573070568156,2019-11-06T15:02:48.156,4.360,-37.134,-42.073,-89.451
1573070568166,2019-11-06T15:02:48.166,4.370,-28.537,-42.378,-95.366
1573070568176,2019-11-06T15:02:48.176,4.380,-19.817,-42.073,-98.232
1573070568186,2019-11-06T15:02:48.186,4.390,-11.768,-41.463,-98.476
1573070568196,2019-11-06T15:02:48.196,4.400,-4.451,-40.915,-96.463
1573070568206,2019-11-06T15:02:48.206,4.410,1.402,-40.305,-92.561
1573070568216,2019-11-06T15:02:48.216,4.420,6.280,-39.085,-86.829
1573070568226,2019-11-06T15:02:48.226,4.430,10.671,-37.439,-78.598
1573070568236,2019-11-06T15:02:48.236,4.440,17.317,-35.183,-69.085
1573070568246,2019-11-06T15:02:48.246,4.450,17.927,-33.476,-60.366
1573070568256,2019-11-06T15:02:48.256,4.460,12.683,-32.500,-53.476
1573070568266,2019-11-06T15:02:48.266,4.470,13.780,-31.280,-47.988
1573070568276,2019-11-06T15:02:48.276,4.480,15.366,-30.305,-43.415
1573070568286,2019-11-06T15:02:48.286,4.490,16.402,-29.573,-39.878
1573070568296,2019-11-06T15:02:48.296,4.500,17.927,-29.146,-37.378
1573070568306,2019-11-06T15:02:48.306,4.510,20.305,-28.780,-34.695
1573070568316,2019-11-06T15:02:48.316,4.520,23.537,-28.476,-30.610
1573070568326,2019-11-06T15:02:48.326,4.530,25.671,-28.049,-26.159
1573070568336,2019-11-06T15:02:48.336,4.540,24.146,-27.439,-24.329
1573070568346,2019-11-06T15:02:48.346,4.550,21.890,-26.707,-22.622
1573070568356,2019-11-06T15:02:48.356,4.560,22.378,-26.280,-17.927
1573070568366,2019-11-06T15:02:48.366,4.570,24.146,-26.220,-11.829
1573070568376,2019-11-06T15:02:48.376,4.580,26.220,-26.220,-6.524
1573070568386,2019-11-06T15:02:48.386,4.590,28.171,-26.402,-2.073
1573070568396,2019-11-06T15:02:48.396,4.600,30.793,-26.524,3.171
1573070568406,2019-11-06T15:02:48.406,4.610,33.110,-26.829,8.598
1573070568416,2019-11-06T15:02:48.416,4.620,34.268,-27.439,11.768
1573070568426,2019-11-06T15:02:48.426,4.630,35.671,-28.110,13.049
1573070568436,2019-11-06T15:02:48.436,4.640,36.768,-28.720,12.500
1573070568446,2019-11-06T15:02:48.446,4.650,32.073,-29.695,4.085
1573070568456,2019-11-06T15:02:48.456,4.660,26.402,-30.976,-8.232
1573070568466,2019-11-06T15:02:48.466,4.670,32.439,-32.805,-10.366
1573070568476,2019-11-06T15:02:48.476,4.680,42.073,-35.244,-6.341
1573070568486,2019-11-06T15:02:48.486,4.690,41.768,-37.195,-8.720
1573070568496,2019-11-06T15:02:48.496,4.700,35.000,-38.049,-15.610
1573070568506,2019-11-06T15:02:48.506,4.710,34.695,-38.841,-15.122
1573070568516,2019-11-06T15:02:48.516,4.720,38.354,-39.939,-9.695
1573070568526,2019-11-06T15:02:48.526,4.730,37.988,-41.159,-10.244
1573070568536,2019-11-06T15:02:48.536,4.740,37.561,-41.951,-16.220
1573070568546,2019-11-06T15:02:48.546,4.750,42.073,-42.988,-20.793
1573070568556,2019-11-06T15:02:48.556,4.760,46.280,-44.024,-28.293
1573070568566,2019-11-06T15:02:48.566,4.770,48.902,-45.061,-37.561
1573070568576,2019-11-06T15:02:48.576,4.780,51.463,-46.585,-44.085
1573070568586,2019-11-06T15:02:48.586,4.790,49.634,-47.805,-52.744
1573070568596,2019-11-06T15:02:48.596,4.800,43.354,-48.720,-64.695
1573070568606,2019-11-06T15:02:48.606,4.810,37.561,-49.329,-74.207
1573070568616,2019-11-06T15:02:48.616,4.820,34.573,-50.061,-76.402
1573070568626,2019-11-06T15:02:48.626,4.830,32.683,-50.671,-73.049
1573070568636,2019-11-06T15:02:48.636,4.840,29.207,-50.732,-67.073
1573070568646,2019-11-06T15:02:48.646,4.850,23.476,-50.244,-59.390
1573070568656,2019-11-06T15:02:48.656,4.860,18.598,-49.451,-50.244
1573070568666,2019-11-06T15:02:48.666,4.870,15.854,-48.476,-40.488
1573070568676,2019-11-06T15:02:48.676,4.880,15.122,-47.378,-31.220
1573070568686,2019-11-06T15:02:48.686,4.890,14.390,-46.341,-24.207
1573070568696,2019-11-06T15:02:48.696,4.900,13.232,-44.939,-20.000
1573070568706,2019-11-06T15:02:48.706,4.910,12.622,-43.415,-17.866
1573070568716,2019-11-06T15:02:48.716,4.920,12.439,-41.829,-17.744
1573070568726,2019-11-06T15:02:48.726,4.930,11.829,-40.427,-19.146
1573070568736,2019-11-06T15:02:48.736,4.940,10.427,-38.780,-21.646
1573070568746,2019-11-06T15:02:48.746,4.950,8.354,-37.073,-25.366
1573070568756,2019-11-06T15:02:48.756,4.960,6.707,-35.244,-29.451
1573070568766,2019-11-06T15:02:48.766,4.970,6.463,-33.598,-32.683
1573070568776,2019-11-06T15:02:48.776,4.980,7.134,-32.561,-35.183
1573070568786,2019-11-06T15:02:48.786,4.990,9.329,-31.829,-36.098
1573070568796,2019-11-06T15:02:48.796,5.000,12.866,-31.220,-34.817
1573070568806,2019-11-06T15:02:48.806,5.010,15.671,-30.610,-33.537
1573070568816,2019-11-06T15:02:48.816,5.020,17.134,-30.183,-32.378
1573070568826,2019-11-06T15:02:48.826,5.030,19.024,-29.634,-29.512
1573070568836,2019-11-06T15:02:48.836,5.040,21.829,-29.329,-24.329
1573070568846,2019-11-06T15:02:48.846,5.050,22.561,-28.598,-21.037
1573070568856,2019-11-06T15:02:48.856,5.060,23.232,-27.317,-19.329
1573070568866,2019-11-06T15:02:48.866,5.070,26.402,-25.976,-16.707
1573070568876,2019-11-06T15:02:48.876,5.080,20.183,-25.915,-13.780
1573070568886,2019-11-06T15:02:48.886,5.090,19.207,-25.305,-12.805
1573070568896,2019-11-06T15:02:48.896,5.100,19.512,-24.634,-12.073
1573070568906,2019-11-06T15:02:48.906,5.110,19.878,-24.268,-11.280
1573070568916,2019-11-06T15:02:48.916,5.120,20.610,-24.207,-10.793
1573070568926,2019-11-06T15:02:48.926,5.130,21.524,-24.024,-10.488
1573070568936,2019-11-06T15:02:48.936,5.140,22.378,-24.024,-9.878
1573070568946,2019-11-06T15:02:48.946,5.150,23.354,-23.963,-8.293
1573070568956,2019-11-06T15:02:48.956,5.160,24.146,-24.085,-6.768
1573070568966,2019-11-06T15:02:48.966,5.170,24.573,-24.146,-6.098
1573070568976,2019-11-06T15:02:48.976,5.180,25.610,-24.268,-5.549
1573070568986,2019-11-06T15:02:48.986,5.190,27.866,-24.512,-3.780
1573070568996,2019-11-06T15:02:48.996,5.200,31.037,-24.878,-1.768
1573070569006,2019-11-06T15:02:49.006,5.210,33.902,-25.305,-1.463
1573070569016,2019-11-06T15:02:49.016,5.220,35.305,-25.671,-3.049
1573070569026,2019-11-06T15:02:49.026,5.230,36.951,-26.037,-4.512
1573070569036,2019-11-06T15:02:49.036,5.240,40.854,-26.768,-3.598
1573070569046,2019-11-06T15:02:49.046,5.250,45.366,-27.744,-1.951
1573070569056,2019-11-06T15:02:49.056,5.260,48.537,-28.598,-1.768
1573070569066,2019-11-06T15:02:49.066,5.270,50.122,-29.329,-2.500
1573070569076,2019-11-06T15:02:49.076,5.280,50.915,-29.756,-3.537
1573070569086,2019-11-06T15:02:49.086,5.290,51.707,-30.061,-3.293
1573070569096,2019-11-06T15:02:49.096,5.300,52.256,-30.488,-1.098
1573070569106,2019-11-06T15:02:49.106,5.310,52.256,-30.976,1.524
1573070569116,2019-11-06T15:02:49.116,5.320,52.195,-31.402,5.488
1573070569126,2019-11-06T15:02:49.126,5.330,53.354,-32.317,12.134
1573070569136,2019-11-06T15:02:49.136,5.340,54.146,-33.354,18.720
1573070569146,2019-11-06T15:02:49.146,5.350,48.963,-33.537,16.829
1573070569156,2019-11-06T15:02:49.156,5.360,43.049,-33.354,14.390
1573070569166,2019-11-06T15:02:49.166,5.370,50.488,-35.305,27.317
1573070569176,2019-11-06T15:02:49.176,5.380,54.207,-36.951,36.159
1573070569186,2019-11-06T15:02:49.186,5.390,45.549,-37.500,30.610
1573070569196,2019-11-06T15:02:49.196,5.400,37.866,-37.988,22.622
1573070569206,2019-11-06T15:02:49.206,5.410,34.146,-40.000,24.024
1573070569216,2019-11-06T15:02:49.216,5.420,45.732,-41.402,32.256
1573070569226,2019-11-06T15:02:49.226,5.430,48.720,-42.866,37.683
1573070569236,2019-11-06T15:02:49.236,5.440,45.488,-42.927,40.549
1573070569246,2019-11-06T15:02:49.246,5.450,37.317,-41.585,40.000
1573070569256,2019-11-06T15:02:49.256,5.460,23.110,-39.146,33.598
1573070569266,2019-11-06T15:02:49.266,5.470,12.927,-36.524,30.244
1573070569276,2019-11-06T15:02:49.276,5.480,11.037,-34.268,34.756
1573070569286,2019-11-06T15:02:49.286,5.490,7.378,-31.463,37.195
1573070569296,2019-11-06T15:02:49.296,5.500,2.256,-27.927,33.841
1573070569306,2019-11-06T15:02:49.306,5.510,0.671,-24.573,28.902
1573070569316,2019-11-06T15:02:49.316,5.520,1.280,-22.195,24.085
1573070569326,2019-11-06T15:02:49.326,5.530,2.439,-20.366,19.268
1573070569336,2019-11-06T15:02:49.336,5.540,5.732,-18.841,16.037
1573070569346,2019-11-06T15:02:49.346,5.550,6.646,-17.378,11.829
1573070569356,2019-11-06T15:02:49.356,5.560,3.841,-15.488,5.122
1573070569366,2019-11-06T15:02:49.366,5.570,2.256,-13.476,0.122
1573070569376,2019-11-06T15:02:49.376,5.580,2.866,-11.341,-1.646
1573070569386,2019-11-06T15:02:49.386,5.590,2.012,-9.268,-2.988
1573070569396,2019-11-06T15:02:49.396,5.600,-1.098,-6.646,-5.305
1573070569406,2019-11-06T15:02:49.406,5.610,-3.354,-3.963,-6.037
1573070569416,2019-11-06T15:02:49.416,5.620,-4.878,-1.646,-5.549
1573070569426,2019-11-06T15:02:49.426,5.630,-7.378,0.732,-6.280
1573070569436,2019-11-06T15:02:49.436,5.640,-10.976,2.866,-7.622
1573070569446,2019-11-06T15:02:49.446,5.650,-12.744,4.512,-7.195
1573070569456,2019-11-06T15:02:49.456,5.660,-10.854,6.220,-6.768
1573070569466,2019-11-06T15:02:49.466,5.670,-13.537,7.012,-7.195
1573070569476,2019-11-06T15:02:49.476,5.680,-14.024,7.622,-5.183
1573070569486,2019-11-06T15:02:49.486,5.690,-8.841,8.659,0.244
1573070569496,2019-11-06T15:02:49.496,5.700,-6.585,9.756,4.634
1573070569506,2019-11-06T15:02:49.506,5.710,-14.085,11.402,0.305
1573070569516,2019-11-06T15:02:49.516,5.720,-15.244,12.927,-0.854
1573070569526,2019-11-06T15:02:49.526,5.730,-7.744,13.293,7.378
1573070569536,2019-11-06T15:02:49.536,5.740,-3.598,13.841,12.317
1573070569546,2019-11-06T15:02:49.546,5.750,-5.183,14.329,10.915
1573070569556,2019-11-06T15:02:49.556,5.760,-4.268,13.963,10.549
1573070569566,2019-11-06T15:02:49.566,5.770,11.098,13.598,15.915
1573070569576,2019-11-06T15:02:49.576,5.780,15.671,12.683,13.902
1573070569586,2019-11-06T15:02:49.586,5.790,4.817,12.378,-3.659
1573070569596,2019-11-06T15:02:49.596,5.800,-1.951,11.341,-15.671
1573070569606,2019-11-06T15:02:49.606,5.810,18.537,9.146,-7.622
1573070569616,2019-11-06T15:02:49.616,5.820,28.354,6.829,-0.976
1573070569626,2019-11-06T15:02:49.626,5.830,20.671,7.012,-6.707
1573070569636,2019-11-06T15:02:49.636,5.840,11.524,8.354,-14.573
1573070569646,2019-11-06T15:02:49.646,5.850,2.622,9.085,-17.988
1573070569656,2019-11-06T15:02:49.656,5.860,-2.683,9.451,-15.610
1573070569666,2019-11-06T15:02:49.666,5.870,-4.024,9.390,-14.756
1573070569676,2019-11-06T15:02:49.676,5.880,-7.195,9.390,-19.756
1573070569686,2019-11-06T15:02:49.686,5.890,-10.549,9.329,-27.317
1573070569696,2019-11-06T15:02:49.696,5.900,-11.585,8.598,-36.280
1573070569706,2019-11-06T15:02:49.706,5.910,-14.329,6.890,-48.232
1573070569716,2019-11-06T15:02:49.716,5.920,-16.280,4.634,-57.317
1573070569726,2019-11-06T15:02:49.726,5.930,-14.939,1.890,-61.341
1573070569736,2019-11-06T15:02:49.736,5.940,-12.744,-0.366,-62.805
1573070569746,2019-11-06T15:02:49.746,5.950,-9.390,-1.951,-62.561
1573070569756,2019-11-06T15:02:49.756,5.960,-6.585,-3.049,-60.549
1573070569766,2019-11-06T15:02:49.766,5.970,-7.927,-4.207,-55.122
1573070569776,2019-11-06T15:02:49.776,5.980,-3.537,-5.122,-46.159
1573070569786,2019-11-06T15:02:49.786,5.990,1.707,-6.402,-35.793
1573070569796,2019-11-06T15:02:49.796,6.000,5.305,-8.293,-25.000
1573070569806,2019-11-06T15:02:49.806,6.010,5.915,-10.305,-18.049
1573070569816,2019-11-06T15:02:49.816,6.020,2.683,-12.073,-18.659
1573070569826,2019-11-06T15:02:49.826,6.030,8.720,-15.732,-6.646
1573070569836,2019-11-06T15:02:49.836,6.040,17.927,-19.695,8.415
1573070569846,2019-11-06T15:02:49.846,6.050,19.817,-22.317,14.024
1573070569856,2019-11-06T15:02:49.856,6.060,23.293,-25.488,19.024
1573070569866,2019-11-06T15:02:49.866,6.070,28.598,-29.207,25.061
1573070569876,2019-11-06T15:02:49.876,6.080,27.317,-32.683,23.232
1573070569886,2019-11-06T15:02:49.886,6.090,21.463,-36.463,17.195
1573070569896,2019-11-06T15:02:49.896,6.100,22.561,-40.793,14.878
1573070569906,2019-11-06T15:02:49.906,6.110,29.024,-45.122,14.573
1573070569916,2019-11-06T15:02:49.916,6.120,28.232,-49.146,12.622
1573070569926,2019-11-06T15:02:49.926,6.130,22.744,-51.707,12.073
1573070569936,2019-11-06T15:02:49.936,6.140,21.159,-52.256,20.915
1573070569946,2019-11-06T15:02:49.946,6.150,24.817,-50.732,34.207
1573070569956,2019-11-06T15:02:49.956,6.160,22.317,-48.354,37.195
1573070569966,2019-11-06T15:02:49.966,6.170,17.927,-45.671,32.622
1573070569976,2019-11-06T15:02:49.976,6.180,17.012,-43.780,30.488
1573070569986,2019-11-06T15:02:49.986,6.190,16.585,-42.256,30.244
1573070569996,2019-11-06T15:02:49.996,6.200,15.122,-40.244,27.561
1573070570006,2019-11-06T15:02:50.006,6.210,12.012,-38.049,22.012
1573070570016,2019-11-06T15:02:50.016,6.220,9.512,-36.098,16.220
1573070570026,2019-11-06T15:02:50.026,6.230,7.988,-34.268,11.585
1573070570036,2019-11-06T15:02:50.036,6.240,5.061,-32.195,6.707
1573070570046,2019-11-06T15:02:50.046,6.250,0.061,-29.756,0.610
1573070570056,2019-11-06T15:02:50.056,6.260,-3.963,-27.134,-4.268
1573070570066,2019-11-06T15:02:50.066,6.270,-4.329,-24.573,-4.634
1573070570076,2019-11-06T15:02:50.076,6.280,-3.780,-22.073,-2.622
1573070570086,2019-11-06T15:02:50.086,6.290,-3.659,-19.146,0.366
1573070570096,2019-11-06T15:02:50.096,6.300,2.561,-16.159,6.829
1573070570106,2019-11-06T15:02:50.106,6.310,4.817,-14.207,14.573
1573070570116,2019-11-06T15:02:50.116,6.320,3.415,-11.341,15.122
1573070570126,2019-11-06T15:02:50.126,6.330,6.524,-8.110,16.280
1573070570136,2019-11-06T15:02:50.136,6.340,17.012,-6.829,26.829
1573070570146,2019-11-06T15:02:50.146,6.350,23.659,-5.427,32.927
1573070570156,2019-11-06T15:02:50.156,6.360,26.890,-4.451,33.415
1573070570166,2019-11-06T15:02:50.166,6.370,32.805,-4.146,35.000
1573070570176,2019-11-06T15:02:50.176,6.380,41.585,-4.939,41.098
1573070570186,2019-11-06T15:02:50.186,6.390,47.622,-7.195,45.122
1573070570196,2019-11-06T15:02:50.196,6.400,34.207,-11.646,27.256
1573070570206,2019-11-06T15:02:50.206,6.410,12.317,-19.024,4.634
1573070570216,2019-11-06T15:02:50.216,6.420,49.634,-27.195,16.585
1573070570226,2019-11-06T15:02:50.226,6.430,82.378,-39.512,38.659
1573070570236,2019-11-06T15:02:50.236,6.440,84.207,-53.171,41.402
1573070570246,2019-11-06T15:02:50.246,6.450,67.378,-68.780,30.610
1573070570256,2019-11-06T15:02:50.256,6.460,61.402,-83.354,24.146
1573070570266,2019-11-06T15:02:50.266,6.470,68.232,-93.902,29.329
1573070570276,2019-11-06T15:02:50.276,6.480,67.866,-101.707,26.341
1573070570286,2019-11-06T15:02:50.286,6.490,65.244,-108.476,16.402
1573070570296,2019-11-06T15:02:50.296,6.500,64.146,-114.207,7.988
1573070570306,2019-11-06T15:02:50.306,6.510,57.561,-117.134,-3.110
1573070570316,2019-11-06T15:02:50.316,6.520,48.110,-116.707,-14.939
1573070570326,2019-11-06T15:02:50.326,6.530,39.634,-112.988,-25.671
1573070570336,2019-11-06T15:02:50.336,6.540,27.256,-108.293,-34.695
1573070570346,2019-11-06T15:02:50.346,6.550,13.476,-103.902,-40.793
1573070570356,2019-11-06T15:02:50.356,6.560,7.012,-98.659,-44.329
1573070570366,2019-11-06T15:02:50.366,6.570,2.988,-93.110,-46.280
1573070570376,2019-11-06T15:02:50.376,6.580,-0.610,-88.110,-46.341
1573070570386,2019-11-06T15:02:50.386,6.590,2.195,-82.927,-41.159
1573070570396,2019-11-06T15:02:50.396,6.600,9.939,-77.805,-28.537
1573070570406,2019-11-06T15:02:50.406,6.610,19.634,-72.561,-13.049
1573070570416,2019-11-06T15:02:50.416,6.620,28.598,-66.707,0.305
1573070570426,2019-11-06T15:02:50.426,6.630,29.024,-61.220,9.939
1573070570436,2019-11-06T15:02:50.436,6.640,32.744,-55.061,16.037
1573070570446,2019-11-06T15:02:50.446,6.650,35.244,-48.902,15.000
1573070570456,2019-11-06T15:02:50.456,6.660,33.415,-43.232,4.939
1573070570466,2019-11-06T15:02:50.466,6.670,35.976,-40.061,0.366
1573070570476,2019-11-06T15:02:50.476,6.680,42.805,-38.902,2.988
1573070570486,2019-11-06T15:02:50.486,6.690,44.451,-38.232,3.415
1573070570496,2019-11-06T15:02:50.496,6.700,40.000,-38.659,1.280
1573070570506,2019-11-06T15:02:50.506,6.710,46.280,-39.024,1.707
1573070570516,2019-11-06T15:02:50.516,6.720,50.427,-39.878,3.537
1573070570526,2019-11-06T15:02:50.526,6.730,40.183,-39.695,-1.585
1573070570536,2019-11-06T15:02:50.536,6.740,24.512,-38.537,-12.500
1573070570546,2019-11-06T15:02:50.546,6.750,7.866,-39.207,-23.232
1573070570556,2019-11-06T15:02:50.556,6.760,9.878,-39.329,-24.573
1573070570566,2019-11-06T15:02:50.566,6.770,27.805,-38.354,-8.659
1573070570576,2019-11-06T15:02:50.576,6.780,23.598,-35.671,0.488
1573070570586,2019-11-06T15:02:50.586,6.790,4.634,-31.646,0.732
1573070570596,2019-11-06T15:02:50.596,6.800,-5.793,-28.110,4.329
1573070570606,2019-11-06T15:02:50.606,6.810,-10.549,-25.671,9.451
1573070570616,2019-11-06T15:02:50.616,6.820,-10.793,-23.963,16.341
1573070570626,2019-11-06T15:02:50.626,6.830,-11.524,-22.622,20.183
1573070570636,2019-11-06T15:02:50.636,6.840,-12.805,-21.159,20.061
1573070570646,2019-11-06T15:02:50.646,6.850,-11.768,-19.878,18.963
1573070570656,2019-11-06T15:02:50.656,6.860,-10.122,-19.268,16.707
1573070570666,2019-11-06T15:02:50.666,6.870,-7.988,-19.146,12.683
1573070570676,2019-11-06T15:02:50.676,6.880,-4.207,-19.512,8.659
1573070570686,2019-11-06T15:02:50.686,6.890,0.793,-19.695,5.793
1573070570696,2019-11-06T15:02:50.696,6.900,6.646,-19.268,4.451
1573070570706,2019-11-06T15:02:50.706,6.910,14.390,-18.232,2.988
1573070570716,2019-11-06T15:02:50.716,6.920,14.634,-18.110,1.646
1573070570726,2019-11-06T15:02:50.726,6.930,16.707,-18.293,1.890
1573070570736,2019-11-06T15:02:50.736,6.940,18.720,-18.232,0.366
1573070570746,2019-11-06T15:02:50.746,6.950,20.793,-18.171,0.244
1573070570756,2019-11-06T15:02:50.756,6.960,29.878,-18.476,9.024
1573070570766,2019-11-06T15:02:50.766,6.970,33.780,-18.537,14.695
1573070570776,2019-11-06T15:02:50.776,6.980,31.768,-18.354,12.927
1573070570786,2019-11-06T15:02:50.786,6.990,34.146,-18.902,13.415
1573070570796,2019-11-06T15:02:50.796,7.000,37.866,-19.695,17.378
1573070570806,2019-11-06T15:02:50.806,7.010,39.390,-20.305,20.549
1573070570816,2019-11-06T15:02:50.816,7.020,39.024,-20.854,21.341
1573070570826,2019-11-06T15:02:50.826,7.030,36.402,-21.646,19.390
1573070570836,2019-11-06T15:02:50.836,7.040,34.085,-22.561,17.012
1573070570846,2019-11-06T15:02:50.846,7.050,31.524,-23.537,14.146
1573070570856,2019-11-06T15:02:50.856,7.060,28.902,-24.329,10.366
1573070570866,2019-11-06T15:02:50.866,7.070,27.561,-24.756,6.280
1573070570876,2019-11-06T15:02:50.876,7.080,27.805,-24.695,2.256
1573070570886,2019-11-06T15:02:50.886,7.090,27.622,-24.024,-1.585
1573070570896,2019-11-06T15:02:50.896,7.100,25.732,-22.988,-5.488
1573070570906,2019-11-06T15:02:50.906,7.110,20.183,-21.646,-10.915
1573070570916,2019-11-06T15:02:50.916,7.120,13.902,-20.122,-16.829
1573070570926,2019-11-06T15:02:50.926,7.130,8.902,-18.841,-22.073
1573070570936,2019-11-06T15:02:50.936,7.140,4.817,-17.866,-27.256
1573070570946,2019-11-06T15:02:50.946,7.150,0.305,-17.561,-33.963
1573070570956,2019-11-06T15:02:50.956,7.160,-5.061,-17.439,-42.683
1573070570966,2019-11-06T15:02:50.966,7.170,-8.598,-17.378,-50.366
1573070570976,2019-11-06T15:02:50.976,7.180,-10.000,-17.866,-55.854
1573070570986,2019-11-06T15:02:50.986,7.190,-10.854,-18.537,-59.390
1573070570996,2019-11-06T15:02:50.996,7.200,-11.280,-18.841,-60.671
1573070571006,2019-11-06T15:02:51.006,7.210,-11.098,-18.963,-59.329
1573070571016,2019-11-06T15:02:51.016,7.220,-10.549,-19.024,-56.402
1573070571026,2019-11-06T15:02:51.026,7.230,-9.573,-19.146,-52.866
1573070571036,2019-11-06T15:02:51.036,7.240,-4.451,-19.939,-46.037
1573070571046,2019-11-06T15:02:51.046,7.250,4.329,-21.159,-36.463
1573070571056,2019-11-06T15:02:51.056,7.260,10.732,-22.073,-28.902
1573070571066,2019-11-06T15:02:51.066,7.270,17.195,-22.927,-21.220
1573070571076,2019-11-06T15:02:51.076,7.280,23.659,-23.659,-13.049
1573070571086,2019-11-06T15:02:51.086,7.290,25.854,-23.780,-8.171
1573070571096,2019-11-06T15:02:51.096,7.300,25.671,-23.415,-5.671
1573070571106,2019-11-06T15:02:51.106,7.310,25.122,-22.500,-3.293
1573070571116,2019-11-06T15:02:51.116,7.320,22.744,-21.037,-1.951
1573070571126,2019-11-06T15:02:51.126,7.330,19.634,-18.841,-2.622
1573070571136,2019-11-06T15:02:51.136,7.340,19.451,-16.159,-5.793
1573070571146,2019-11-06T15:02:51.146,7.350,9.024,-15.427,-9.573
1573070571156,2019-11-06T15:02:51.156,7.360,8.293,-14.146,-11.585
1573070571166,2019-11-06T15:02:51.166,7.370,11.098,-12.927,-12.134
1573070571176,2019-11-06T15:02:51.176,7.380,12.256,-11.585,-12.988
1573070571186,2019-11-06T15:02:51.186,7.390,11.890,-10.000,-15.854
1573070571196,2019-11-06T15:02:51.196,7.400,-0.305,-8.537,-38.171
1573070571206,2019-11-06T15:02:51.206,7.410,-26.159,-10.427,-59.939
1573070571216,2019-11-06T15:02:51.216,7.420,21.037,-13.415,-28.354
1573070571226,2019-11-06T15:02:51.226,7.430,49.268,-16.829,-13.476
1573070571236,2019-11-06T15:02:51.236,7.440,5.793,-18.841,-54.451
1573070571246,2019-11-06T15:02:51.246,7.450,-3.902,-20.061,-72.683
1573070571256,2019-11-06T15:02:51.256,7.460,58.720,-20.122,-50.183
1573070571266,2019-11-06T15:02:51.266,7.470,77.683,-22.927,-35.000
1573070571276,2019-11-06T15:02:51.276,7.480,49.878,-23.659,-39.512
1573070571286,2019-11-06T15:02:51.286,7.490,20.793,-22.561,-42.256
1573070571296,2019-11-06T15:02:51.296,7.500,5.183,-20.854,-39.207
1573070571306,2019-11-06T15:02:51.306,7.510,-13.780,-18.293,-38.780
1573070571316,2019-11-06T15:02:51.316,7.520,-18.293,-15.549,-33.049
1573070571326,2019-11-06T15:02:51.326,7.530,-21.037,-13.720,-30.610
1573070571336,2019-11-06T15:02:51.336,7.540,-29.695,-11.280,-37.073
1573070571346,2019-11-06T15:02:51.346,7.550,-32.378,-10.488,-45.122
1573070571356,2019-11-06T15:02:51.356,7.560,-29.573,-11.829,-53.476
1573070571366,2019-11-06T15:02:51.366,7.570,-24.878,-13.354,-59.573
1573070571376,2019-11-06T15:02:51.376,7.580,-20.976,-14.451,-61.829
1573070571386,2019-11-06T15:02:51.386,7.590,-19.085,-15.122,-61.890
1573070571396,2019-11-06T15:02:51.396,7.600,-19.207,-15.183,-61.646
1573070571406,2019-11-06T15:02:51.406,7.610,-18.963,-14.817,-60.183
1573070571416,2019-11-06T15:02:51.416,7.620,-16.098,-14.207,-56.159
1573070571426,2019-11-06T15:02:51.426,7.630,-8.537,-12.561,-52.012
1573070571436,2019-11-06T15:02:51.436,7.640,-10.000,-11.646,-50.549
1573070571446,2019-11-06T15:02:51.446,7.650,-13.476,-11.463,-50.061
1573070571456,2019-11-06T15:02:51.456,7.660,-9.329,-11.280,-47.927
1573070571466,2019-11-06T15:02:51.466,7.670,-2.805,-11.463,-44.939
1573070571476,2019-11-06T15:02:51.476,7.680,1.037,-11.585,-43.293
1573070571486,2019-11-06T15:02:51.486,7.690,0.915,-11.890,-42.073
1573070571496,2019-11-06T15:02:51.496,7.700,5.061,-11.768,-41.098
1573070571506,2019-11-06T15:02:51.506,7.710,8.232,-11.585,-41.524
1573070571516,2019-11-06T15:02:51.516,7.720,10.183,-11.280,-40.610
1573070571526,2019-11-06T15:02:51.526,7.730,13.598,-10.671,-37.317
1573070571536,2019-11-06T15:02:51.536,7.740,14.573,-10.061,-35.793
1573070571546,2019-11-06T15:02:51.546,7.750,10.915,-9.573,-37.622
1573070571556,2019-11-06T15:02:51.556,7.760,9.695,-9.146,-37.988
1573070571566,2019-11-06T15:02:51.566,7.770,11.280,-8.780,-35.366
1573070571576,2019-11-06T15:02:51.576,7.780,11.585,-8.415,-32.622
1573070571586,2019-11-06T15:02:51.586,7.790,11.402,-8.293,-29.329
1573070571596,2019-11-06T15:02:51.596,7.800,12.622,-8.110,-23.780
1573070571606,2019-11-06T15:02:51.606,7.810,13.110,-8.110,-18.171
1573070571616,2019-11-06T15:02:51.616,7.820,11.220,-7.927,-15.000
1573070571626,2019-11-06T15:02:51.626,7.830,9.024,-7.927,-13.354
1573070571636,2019-11-06T15:02:51.636,7.840,7.256,-8.049,-14.512
1573070571646,2019-11-06T15:02:51.646,7.850,-6.585,-9.085,-24.146
1573070571656,2019-11-06T15:02:51.656,7.860,-1.280,-9.939,-19.817
1573070571666,2019-11-06T15:02:51.666,7.870,34.451,-11.585,8.232
1573070571676,2019-11-06T15:02:51.676,7.880,43.780,-12.866,19.390
1573070571686,2019-11-06T15:02:51.686,7.890,30.000,-11.829,10.488
1573070571696,2019-11-06T15:02:51.696,7.900,19.024,-12.134,4.268
1573070571706,2019-11-06T15:02:51.706,7.910,18.049,-12.500,0.122
1573070571716,2019-11-06T15:02:51.716,7.920,19.085,-13.110,-3.293
1573070571726,2019-11-06T15:02:51.726,7.930,25.610,-14.268,-3.780
1573070571736,2019-11-06T15:02:51.736,7.940,31.098,-15.061,-7.256
1573070571746,2019-11-06T15:02:51.746,7.950,31.524,-15.427,-16.707
1573070571756,2019-11-06T15:02:51.756,7.960,30.671,-15.976,-27.500
1573070571766,2019-11-06T15:02:51.766,7.970,30.976,-17.073,-35.732
1573070571776,2019-11-06T15:02:51.776,7.980,30.976,-18.415,-42.317
1573070571786,2019-11-06T15:02:51.786,7.990,29.817,-19.878,-48.537
1573070571796,2019-11-06T15:02:51.796,8.000,28.415,-21.341,-53.902
1573070571806,2019-11-06T15:02:51.806,8.010,26.463,-22.622,-57.500
1573070571816,2019-11-06T15:02:51.816,8.020,24.268,-23.780,-57.988
1573070571826,2019-11-06T15:02:51.826,8.030,22.256,-25.061,-55.305
1573070571836,2019-11-06T15:02:51.836,8.040,20.305,-26.341,-50.366
1573070571846,2019-11-06T15:02:51.846,8.050,18.780,-27.561,-44.268
1573070571856,2019-11-06T15:02:51.856,8.060,17.134,-28.537,-38.537
1573070571866,2019-11-06T15:02:51.866,8.070,14.817,-29.207,-33.659
1573070571876,2019-11-06T15:02:51.876,8.080,12.866,-29.573,-29.085
1573070571886,2019-11-06T15:02:51.886,8.090,11.463,-29.634,-25.000
1573070571896,2019-11-06T15:02:51.896,8.100,10.122,-29.573,-21.402
1573070571906,2019-11-06T15:02:51.906,8.110,8.902,-29.268,-18.537
1573070571916,2019-11-06T15:02:51.916,8.120,8.537,-29.085,-15.549
1573070571926,2019-11-06T15:02:51.926,8.130,8.963,-29.024,-12.195
1573070571936,2019-11-06T15:02:51.936,8.140,9.329,-29.024,-9.451
1573070571946,2019-11-06T15:02:51.946,8.150,10.000,-29.024,-6.707
1573070571956,2019-11-06T15:02:51.956,8.160,12.195,-28.780,-2.561
1573070571966,2019-11-06T15:02:51.966,8.170,14.146,-28.415,1.280
1573070571976,2019-11-06T15:02:51.976,8.180,14.817,-27.439,2.561
1573070571986,2019-11-06T15:02:51.986,8.190,15.427,-26.280,2.378
1573070571996,2019-11-06T15:02:51.996,8.200,14.756,-25.732,5.549
1573070572006,2019-11-06T15:02:52.006,8.210,12.683,-24.451,6.159
1573070572016,2019-11-06T15:02:52.016,8.220,6.768,-22.561,2.927
1573070572026,2019-11-06T15:02:52.026,8.230,2.744,-21.098,2.561
1573070572036,2019-11-06T15:02:52.036,8.240,-0.183,-19.634,2.805
1573070572046,2019-11-06T15:02:52.046,8.250,-3.659,-18.171,0.854
1573070572056,2019-11-06T15:02:52.056,8.260,-6.220,-16.890,-2.683
1573070572066,2019-11-06T15:02:52.066,8.270,-6.951,-15.976,-5.183
1573070572076,2019-11-06T15:02:52.076,8.280,-6.220,-15.427,-6.890
1573070572086,2019-11-06T15:02:52.086,8.290,-3.841,-15.671,-7.805
1573070572096,2019-11-06T15:02:52.096,8.300,1.585,-16.585,-5.976
1573070572106,2019-11-06T15:02:52.106,8.310,7.744,-17.500,-2.988
1573070572116,2019-11-06T15:02:52.116,8.320,12.500,-18.110,-0.671
1573070572126,2019-11-06T15:02:52.126,8.330,16.707,-18.963,1.402
1573070572136,2019-11-06T15:02:52.136,8.340,21.037,-20.244,4.695
1573070572146,2019-11-06T15:02:52.146,8.350,25.610,-21.646,9.878
1573070572156,2019-11-06T15:02:52.156,8.360,30.000,-23.171,16.402
1573070572166,2019-11-06T15:02:52.166,8.370,33.537,-24.634,23.659
1573070572176,2019-11-06T15:02:52.176,8.380,37.561,-26.402,32.805
1573070572186,2019-11-06T15:02:52.186,8.390,43.902,-28.720,45.427
1573070572196,2019-11-06T15:02:52.196,8.400,50.061,-30.610,57.622
1573070572206,2019-11-06T15:02:52.206,8.410,49.268,-31.402,60.488
1573070572216,2019-11-06T15:02:52.216,8.420,50.183,-31.890,65.671
1573070572226,2019-11-06T15:02:52.226,8.430,56.159,-33.171,74.939
1573070572236,2019-11-06T15:02:52.236,8.440,56.159,-34.329,78.293
1573070572246,2019-11-06T15:02:52.246,8.450,52.988,-35.061,76.159
1573070572256,2019-11-06T15:02:52.256,8.460,52.195,-36.341,71.220
1573070572266,2019-11-06T15:02:52.266,8.470,51.829,-37.744,62.073
1573070572276,2019-11-06T15:02:52.276,8.480,48.354,-39.207,49.512
1573070572286,2019-11-06T15:02:52.286,8.490,50.427,-40.671,39.451
1573070572296,2019-11-06T15:02:52.296,8.500,54.207,-42.317,31.890
1573070572306,2019-11-06T15:02:52.306,8.510,48.293,-43.720,24.573
1573070572316,2019-11-06T15:02:52.316,8.520,42.134,-44.268,23.476
1573070572326,2019-11-06T15:02:52.326,8.530,36.646,-43.780,29.268
1573070572336,2019-11-06T15:02:52.336,8.540,28.293,-42.317,37.805
1573070572346,2019-11-06T15:02:52.346,8.550,21.159,-40.122,47.622
1573070572356,2019-11-06T15:02:52.356,8.560,17.256,-37.439,54.817
1573070572366,2019-11-06T15:02:52.366,8.570,16.280,-34.512,60.244
1573070572376,2019-11-06T15:02:52.376,8.580,16.463,-31.463,66.098
1573070572386,2019-11-06T15:02:52.386,8.590,13.415,-27.988,67.866
1573070572396,2019-11-06T15:02:52.396,8.600,9.939,-24.573,65.061
1573070572406,2019-11-06T15:02:52.406,8.610,8.354,-21.646,58.841
1573070572416,2019-11-06T15:02:52.416,8.620,7.561,-19.085,49.573
1573070572426,2019-11-06T15:02:52.426,8.630,9.085,-17.012,40.915
1573070572436,2019-11-06T15:02:52.436,8.640,11.037,-15.244,32.866
1573070572446,2019-11-06T15:02:52.446,8.650,9.634,-13.110,23.049
1573070572456,2019-11-06T15:02:52.456,8.660,7.073,-10.793,14.695
1573070572466,2019-11-06T15:02:52.466,8.670,5.732,-8.720,10.610
1573070572476,2019-11-06T15:02:52.476,8.680,2.683,-6.768,6.890
1573070572486,2019-11-06T15:02:52.486,8.690,-0.244,-4.756,4.756
1573070572496,2019-11-06T15:02:52.496,8.700,-0.122,-2.988,7.195
1573070572506,2019-11-06T15:02:52.506,8.710,2.195,-1.341,13.354
1573070572516,2019-11-06T15:02:52.516,8.720,5.061,0.000,20.854
1573070572526,2019-11-06T15:02:52.526,8.730,5.793,1.280,27.012
1573070572536,2019-11-06T15:02:52.536,8.740,6.707,2.561,32.317
1573070572546,2019-11-06T15:02:52.546,8.750,7.317,3.659,34.573
1573070572556,2019-11-06T15:02:52.556,8.760,6.768,4.390,37.622
1573070572566,2019-11-06T15:02:52.566,8.770,9.390,5.183,43.780
1573070572576,2019-11-06T15:02:52.576,8.780,9.695,6.220,47.866
1573070572586,2019-11-06T15:02:52.586,8.790,10.061,7.378,51.707
1573070572596,2019-11-06T15:02:52.596,8.800,12.927,8.354,57.622
1573070572606,2019-11-06T15:02:52.606,8.810,17.866,9.085,65.183
1573070572616,2019-11-06T15:02:52.616,8.820,18.415,9.451,65.732
1573070572626,2019-11-06T15:02:52.626,8.830,-3.415,7.439,48.902
1573070572636,2019-11-06T15:02:52.636,8.840,-23.476,4.512,37.195
1573070572646,2019-11-06T15:02:52.646,8.850,33.963,5.976,62.317
1573070572656,2019-11-06T15:02:52.656,8.860,80.244,3.659,80.671
1573070572666,2019-11-06T15:02:52.666,8.870,55.976,0.976,66.890
1573070572676,2019-11-06T15:02:52.676,8.880,25.793,0.915,44.390
1573070572686,2019-11-06T15:02:52.686,8.890,15.305,1.768,24.939
1573070572696,2019-11-06T15:02:52.696,8.900,15.671,0.305,23.537
1573070572706,2019-11-06T15:02:52.706,8.910,18.598,-1.280,27.683
1573070572716,2019-11-06T15:02:52.716,8.920,9.634,-1.890,18.049
1573070572726,2019-11-06T15:02:52.726,8.930,4.939,-2.012,7.256
1573070572736,2019-11-06T15:02:52.736,8.940,7.561,-2.378,1.829
1573070572746,2019-11-06T15:02:52.746,8.950,6.829,-3.110,-4.817
1573070572756,2019-11-06T15:02:52.756,8.960,3.171,-3.659,-12.561
1573070572766,2019-11-06T15:02:52.766,8.970,1.951,-4.390,-16.463
1573070572776,2019-11-06T15:02:52.776,8.980,4.573,-4.939,-17.744
1573070572786,2019-11-06T15:02:52.786,8.990,0.732,-5.610,-19.268
1573070572796,2019-11-06T15:02:52.796,9.000,-10.244,-7.012,-19.695
1573070572806,2019-11-06T15:02:52.806,9.010,-9.390,-7.012,-16.280
1573070572816,2019-11-06T15:02:52.816,9.020,-9.390,-6.951,-10.488
1573070572826,2019-11-06T15:02:52.826,9.030,-11.951,-6.768,-4.634
1573070572836,2019-11-06T15:02:52.836,9.040,-11.585,-6.341,1.341
1573070572846,2019-11-06T15:02:52.846,9.050,-9.512,-5.671,6.341
1573070572856,2019-11-06T15:02:52.856,9.060,-7.378,-5.305,7.683
1573070572866,2019-11-06T15:02:52.866,9.070,-5.366,-5.000,5.122
1573070572876,2019-11-06T15:02:52.876,9.080,-2.439,-4.817,-0.671
1573070572886,2019-11-06T15:02:52.886,9.090,-2.317,-3.293,-16.280
1573070572896,2019-11-06T15:02:52.896,9.100,-11.402,-0.305,-47.378
1573070572906,2019-11-06T15:02:52.906,9.110,-22.012,1.220,-74.573
1573070572916,2019-11-06T15:02:52.916,9.120,-42.073,-3.659,-72.378
1573070572926,2019-11-06T15:02:52.926,9.130,-21.768,-7.195,-37.500
1573070572936,2019-11-06T15:02:52.936,9.140,14.329,-6.463,-11.463
1573070572946,2019-11-06T15:02:52.946,9.150,16.037,-5.732,-11.707
1573070572956,2019-11-06T15:02:52.956,9.160,3.841,-4.207,-20.915
1573070572966,2019-11-06T15:02:52.966,9.170,-0.366,-3.354,-26.341
1573070572976,2019-11-06T15:02:52.976,9.180,4.695,-4.695,-22.927
1573070572986,2019-11-06T15:02:52.986,9.190,6.768,-6.646,-17.866
1573070572996,2019-11-06T15:02:52.996,9.200,-0.976,-5.854,-17.805
1573070573006,2019-11-06T15:02:53.006,9.210,3.171,-3.354,-7.073
1573070573016,2019-11-06T15:02:53.016,9.220,2.622,-2.195,-0.732
1573070573026,2019-11-06T15:02:53.026,9.230,-10.305,-0.427,-8.780
1573070573036,2019-11-06T15:02:53.036,9.240,-15.976,3.049,-14.268
1573070573046,2019-11-06T15:02:53.046,9.250,-18.902,6.768,-15.427
1573070573056,2019-11-06T15:02:53.056,9.260,-24.634,10.793,-17.866
1573070573066,2019-11-06T15:02:53.066,9.270,-29.390,14.756,-21.707
1573070573076,2019-11-06T15:02:53.076,9.280,-29.939,17.988,-24.451
1573070573086,2019-11-06T15:02:53.086,9.290,-26.220,20.366,-23.110
1573070573096,2019-11-06T15:02:53.096,9.300,-18.476,21.951,-17.195
1573070573106,2019-11-06T15:02:53.106,9.310,-9.268,22.744,-9.268
1573070573116,2019-11-06T15:02:53.116,9.320,2.012,24.390,-2.134
1573070573126,2019-11-06T15:02:53.126,9.330,2.073,24.878,6.585
1573070573136,2019-11-06T15:02:53.136,9.340,7.683,26.463,16.098
1573070573146,2019-11-06T15:02:53.146,9.350,3.354,27.866,15.732
1573070573156,2019-11-06T15:02:53.156,9.360,-8.293,28.354,9.085
1573070573166,2019-11-06T15:02:53.166,9.370,-8.720,27.744,8.659
1573070573176,2019-11-06T15:02:53.176,9.380,-4.939,26.280,11.280
1573070573186,2019-11-06T15:02:53.186,9.390,-1.037,24.817,12.439
1573070573196,2019-11-06T15:02:53.196,9.400,0.793,23.598,9.939
1573070573206,2019-11-06T15:02:53.206,9.410,-3.049,22.073,2.256
1573070573216,2019-11-06T15:02:53.216,9.420,-7.439,20.671,-5.549
1573070573226,2019-11-06T15:02:53.226,9.430,8.780,19.573,2.805
1573070573236,2019-11-06T15:02:53.236,9.440,17.561,16.585,12.927
1573070573246,2019-11-06T15:02:53.246,9.450,3.902,13.902,8.232
1573070573256,2019-11-06T15:02:53.256,9.460,-9.268,11.707,-0.915
1573070573266,2019-11-06T15:02:53.266,9.470,-10.793,8.963,-7.317
1573070573276,2019-11-06T15:02:53.276,9.480,-1.646,6.707,-3.963
1573070573286,2019-11-06T15:02:53.286,9.490,0.854,5.671,-3.537
1573070573296,2019-11-06T15:02:53.296,9.500,-3.963,4.329,-10.671
1573070573306,2019-11-06T15:02:53.306,9.510,-5.305,2.866,-16.951
1573070573316,2019-11-06T15:02:53.316,9.520,-6.402,2.195,-23.537
1573070573326,2019-11-06T15:02:53.326,9.530,-10.122,2.195,-30.793
1573070573336,2019-11-06T15:02:53.336,9.540,-15.244,2.500,-37.073
1573070573346,2019-11-06T15:02:53.346,9.550,-19.390,2.744,-41.829
1573070573356,2019-11-06T15:02:53.356,9.560,-23.537,3.232,-46.829
1573070573366,2019-11-06T15:02:53.366,9.570,-27.317,3.537,-52.500
1573070573376,2019-11-06T15:02:53.376,9.580,-28.902,3.780,-58.598
1573070573386,2019-11-06T15:02:53.386,9.590,-28.720,3.902,-63.171
1573070573396,2019-11-06T15:02:53.396,9.600,-29.268,3.293,-66.890
1573070573406,2019-11-06T15:02:53.406,9.610,-26.646,3.049,-71.463
1573070573416,2019-11-06T15:02:53.416,9.620,-28.232,2.378,-76.890
1573070573426,2019-11-06T15:02:53.426,9.630,-29.817,2.073,-82.988
1573070573436,2019-11-06T15:02:53.436,9.640,-31.402,1.951,-89.268
1573070573446,2019-11-06T15:02:53.446,9.650,-32.378,1.768,-93.659
1573070573456,2019-11-06T15:02:53.456,9.660,-31.463,1.098,-93.780
1573070573466,2019-11-06T15:02:53.466,9.670,-29.024,0.122,-89.878
1573070573476,2019-11-06T15:02:53.476,9.680,-24.939,-0.671,-82.988
1573070573486,2019-11-06T15:02:53.486,9.690,-20.488,-1.585,-73.720
1573070573496,2019-11-06T15:02:53.496,9.700,-22.378,-2.134,-67.500
1573070573506,2019-11-06T15:02:53.506,9.710,-27.317,-1.280,-68.354
1573070573516,2019-11-06T15:02:53.516,9.720,-28.537,-1.280,-65.915
1573070573526,2019-11-06T15:02:53.526,9.730,-24.329,-2.805,-58.293
1573070573536,2019-11-06T15:02:53.536,9.740,-20.793,-5.061,-49.756
1573070573546,2019-11-06T15:02:53.546,9.750,-17.012,-7.500,-38.902
1573070573556,2019-11-06T15:02:53.556,9.760,-10.732,-9.939,-27.073
1573070573566,2019-11-06T15:02:53.566,9.770,-4.817,-12.073,-18.902
1573070573576,2019-11-06T15:02:53.576,9.780,-1.159,-13.659,-12.805
1573070573586,2019-11-06T15:02:53.586,9.790,1.402,-14.512,-8.476
1573070573596,2019-11-06T15:02:53.596,9.800,-4.329,-14.756,-13.293
1573070573606,2019-11-06T15:02:53.606,9.810,-9.634,-14.878,-18.537
1573070573616,2019-11-06T15:02:53.616,9.820,-2.134,-15.976,-13.354
1573070573626,2019-11-06T15:02:53.626,9.830,-0.183,-16.524,-11.220
1573070573636,2019-11-06T15:02:53.636,9.840,-3.476,-15.061,-11.280
1573070573646,2019-11-06T15:02:53.646,9.850,-6.098,-13.354,-9.878
1573070573656,2019-11-06T15:02:53.656,9.860,-12.683,-10.793,-10.976
1573070573666,2019-11-06T15:02:53.666,9.870,-14.695,-7.927,-12.500
1573070573676,2019-11-06T15:02:53.676,9.880,-14.085,-5.488,-14.268
1573070573686,2019-11-06T15:02:53.686,9.890,-10.915,-3.293,-14.390
1573070573696,2019-11-06T15:02:53.696,9.900,-8.049,-1.341,-15.427
1573070573706,2019-11-06T15:02:53.706,9.910,-8.720,0.488,-21.037
1573070573716,2019-11-06T15:02:53.716,9.920,-10.976,1.646,-29.207
1573070573726,2019-11-06T15:02:53.726,9.930,-11.585,2.073,-35.305
1573070573736,2019-11-06T15:02:53.736,9.940,-11.524,1.768,-39.634
1573070573746,2019-11-06T15:02:53.746,9.950,-12.073,0.854,-43.232
1573070573756,2019-11-06T15:02:53.756,9.960,-11.585,-0.366,-43.598
1573070573766,2019-11-06T15:02:53.766,9.970,-8.841,-1.707,-39.512
1573070573776,2019-11-06T15:02:53.776,9.980,-5.244,-2.866,-32.256
1573070573786,2019-11-06T15:02:53.786,9.990,-2.561,-3.841,-24.634
1573070573796,2019-11-06T15:02:53.796,10.000,-0.549,-4.573,-17.073
1573070573806,2019-11-06T15:02:53.806,10.010,-0.061,-5.488,-10.793
1573070573816,2019-11-06T15:02:53.816,10.020,-2.683,-6.463,-9.878
1573070573826,2019-11-06T15:02:53.826,10.030,-2.744,-7.927,-6.646
1573070573836,2019-11-06T15:02:53.836,10.040,6.768,-10.549,6.220
1573070573846,2019-11-06T15:02:53.846,10.050,11.951,-12.988,14.390
1573070573856,2019-11-06T15:02:53.856,10.060,15.610,-15.488,20.000
1573070573866,2019-11-06T15:02:53.866,10.070,21.707,-17.805,27.500
1573070573876,2019-11-06T15:02:53.876,10.080,29.329,-19.756,36.829
1573070573886,2019-11-06T15:02:53.886,10.090,34.268,-21.280,43.415
1573070573896,2019-11-06T15:02:53.896,10.100,30.610,-22.561,39.085
1573070573906,2019-11-06T15:02:53.906,10.110,10.793,-23.902,15.732
1573070573916,2019-11-06T15:02:53.916,10.120,-6.829,-26.159,3.659
1573070573926,2019-11-06T15:02:53.926,10.130,42.805,-26.768,34.817
1573070573936,2019-11-06T15:02:53.936,10.140,71.829,-29.207,55.366
1573070573946,2019-11-06T15:02:53.946,10.150,55.732,-29.329,43.232
1573070573956,2019-11-06T15:02:53.956,10.160,25.732,-28.232,20.854
1573070573966,2019-11-06T15:02:53.966,10.170,16.159,-25.732,4.268
1573070573976,2019-11-06T15:02:53.976,10.180,18.354,-24.268,1.402
1573070573986,2019-11-06T15:02:53.986,10.190,21.524,-22.927,2.561
1573070573996,2019-11-06T15:02:53.996,10.200,20.122,-21.220,-1.524
1573070574006,2019-11-06T15:02:54.006,10.210,14.939,-19.024,-10.244
1573070574016,2019-11-06T15:02:54.016,10.220,10.671,-16.890,-18.902
1573070574026,2019-11-06T15:02:54.026,10.230,9.390,-15.610,-24.024
1573070574036,2019-11-06T15:02:54.036,10.240,9.939,-14.756,-25.610
1573070574046,2019-11-06T15:02:54.046,10.250,7.744,-13.963,-28.415
1573070574056,2019-11-06T15:02:54.056,10.260,3.598,-13.415,-31.951
1573070574066,2019-11-06T15:02:54.066,10.270,0.122,-13.293,-34.024
1573070574076,2019-11-06T15:02:54.076,10.280,-2.805,-13.232,-35.061
1573070574086,2019-11-06T15:02:54.086,10.290,-3.354,-13.780,-33.232
1573070574096,2019-11-06T15:02:54.096,10.300,-1.402,-15.122,-27.195
1573070574106,2019-11-06T15:02:54.106,10.310,3.841,-16.341,-19.268
1573070574116,2019-11-06T15:02:54.116,10.320,5.610,-18.232,-9.146
1573070574126,2019-11-06T15:02:54.126,10.330,4.451,-20.122,1.768
1573070574136,2019-11-06T15:02:54.136,10.340,6.829,-21.463,11.951
1573070574146,2019-11-06T15:02:54.146,10.350,10.305,-23.049,22.988
1573070574156,2019-11-06T15:02:54.156,10.360,15.854,-25.366,34.939
1573070574166,2019-11-06T15:02:54.166,10.370,23.049,-27.805,46.037
1573070574176,2019-11-06T15:02:54.176,10.380,30.488,-29.878,55.061
1573070574186,2019-11-06T15:02:54.186,10.390,37.134,-31.341,59.634
1573070574196,2019-11-06T15:02:54.196,10.400,34.695,-31.402,47.195
1573070574206,2019-11-06T15:02:54.206,10.410,27.195,-32.256,30.061
1573070574216,2019-11-06T15:02:54.216,10.420,32.378,-36.890,36.402
1573070574226,2019-11-06T15:02:54.226,10.430,50.915,-40.488,50.061
1573070574236,2019-11-06T15:02:54.236,10.440,64.512,-43.354,52.500
1573070574246,2019-11-06T15:02:54.246,10.450,70.366,-47.561,48.659
1573070574256,2019-11-06T15:02:54.256,10.460,74.390,-50.488,42.439
1573070574266,2019-11-06T15:02:54.266,10.470,70.732,-51.829,31.829
1573070574276,2019-11-06T15:02:54.276,10.480,66.463,-52.683,23.720
1573070574286,2019-11-06T15:02:54.286,10.490,67.622,-54.085,25.549
1573070574296,2019-11-06T15:02:54.296,10.500,63.598,-55.183,29.817
1573070574306,2019-11-06T15:02:54.306,10.510,51.646,-53.963,32.988
1573070574316,2019-11-06T15:02:54.316,10.520,38.659,-51.098,38.415
1573070574326,2019-11-06T15:02:54.326,10.530,26.890,-47.744,41.768
1573070574336,2019-11-06T15:02:54.336,10.540,17.012,-45.061,41.220
1573070574346,2019-11-06T15:02:54.346,10.550,15.549,-42.012,42.561
1573070574356,2019-11-06T15:02:54.356,10.560,15.610,-39.207,44.878
1573070574366,2019-11-06T15:02:54.366,10.570,11.646,-37.256,44.207
1573070574376,2019-11-06T15:02:54.376,10.580,7.805,-36.037,40.854
1573070574386,2019-11-06T15:02:54.386,10.590,5.488,-35.427,36.890
1573070574396,2019-11-06T15:02:54.396,10.600,3.476,-34.878,33.415
1573070574406,2019-11-06T15:02:54.406,10.610,1.280,-34.268,30.671
1573070574416,2019-11-06T15:02:54.416,10.620,-1.402,-33.720,27.683
1573070574426,2019-11-06T15:02:54.426,10.630,-2.378,-33.415,25.000
1573070574436,2019-11-06T15:02:54.436,10.640,1.524,-33.110,26.159
1573070574446,2019-11-06T15:02:54.446,10.650,8.537,-32.683,31.524
1573070574456,2019-11-06T15:02:54.456,10.660,17.622,-32.134,38.476
1573070574466,2019-11-06T15:02:54.466,10.670,26.159,-31.524,46.768
1573070574476,2019-11-06T15:02:54.476,10.680,26.220,-31.829,52.317
1573070574486,2019-11-06T15:02:54.486,10.690,26.463,-31.463,50.610
1573070574496,2019-11-06T15:02:54.496,10.700,33.841,-31.524,53.537
1573070574506,2019-11-06T15:02:54.506,10.710,42.866,-32.195,58.963
1573070574516,2019-11-06T15:02:54.516,10.720,49.390,-33.293,62.866
1573070574526,2019-11-06T15:02:54.526,10.730,54.390,-35.183,65.732
1573070574536,2019-11-06T15:02:54.536,10.740,59.207,-37.927,69.451
1573070574546,2019-11-06T15:02:54.546,10.750,65.122,-40.732,72.744
1573070574556,2019-11-06T15:02:54.556,10.760,47.073,-46.890,62.927
1573070574566,2019-11-06T15:02:54.566,10.770,19.268,-53.110,48.537
1573070574576,2019-11-06T15:02:54.576,10.780,69.146,-50.549,68.598
1573070574586,2019-11-06T15:02:54.586,10.790,110.671,-51.829,88.354
1573070574596,2019-11-06T15:02:54.596,10.800,78.841,-55.122,77.256
1573070574606,2019-11-06T15:02:54.606,10.810,42.317,-56.646,54.268
1573070574616,2019-11-06T15:02:54.616,10.820,40.000,-57.744,40.122
1573070574626,2019-11-06T15:02:54.626,10.830,53.841,-59.817,43.963
1573070574636,2019-11-06T15:02:54.636,10.840,57.195,-61.280,40.305
1573070574646,2019-11-06T15:02:54.646,10.850,51.463,-62.805,30.915
1573070574656,2019-11-06T15:02:54.656,10.860,44.085,-64.756,22.134
1573070574666,2019-11-06T15:02:54.666,10.870,37.866,-67.256,15.000
1573070574676,2019-11-06T15:02:54.676,10.880,36.890,-69.207,12.256
1573070574686,2019-11-06T15:02:54.686,10.890,41.463,-69.329,10.671
1573070574696,2019-11-06T15:02:54.696,10.900,31.585,-70.305,7.927
1573070574706,2019-11-06T15:02:54.706,10.910,24.634,-70.122,5.366
1573070574716,2019-11-06T15:02:54.716,10.920,16.646,-69.817,3.415
1573070574726,2019-11-06T15:02:54.726,10.930,7.378,-69.878,1.524
1573070574736,2019-11-06T15:02:54.736,10.940,2.805,-69.939,0.061
1573070574746,2019-11-06T15:02:54.746,10.950,-3.232,-70.366,-1.341
1573070574756,2019-11-06T15:02:54.756,10.960,-8.963,-70.793,-2.561
1573070574766,2019-11-06T15:02:54.766,10.970,-11.220,-71.159,-3.598
1573070574776,2019-11-06T15:02:54.776,10.980,-12.439,-71.524,-6.280
1573070574786,2019-11-06T15:02:54.786,10.990,-13.415,-72.866,-12.866
1573070574796,2019-11-06T15:02:54.796,11.000,-19.756,-74.939,-28.902
1573070574806,2019-11-06T15:02:54.806,11.010,-33.598,-80.854,-38.415
1573070574816,2019-11-06T15:02:54.816,11.020,-13.476,-86.280,-22.500
1573070574826,2019-11-06T15:02:54.826,11.030,24.329,-90.427,2.439
1573070574836,2019-11-06T15:02:54.836,11.040,37.744,-94.817,10.610
1573070574846,2019-11-06T15:02:54.846,11.050,39.756,-98.354,10.427
1573070574856,2019-11-06T15:02:54.856,11.060,57.744,-101.037,22.622
1573070574866,2019-11-06T15:02:54.866,11.070,73.232,-102.317,35.915
1573070574876,2019-11-06T15:02:54.876,11.080,56.951,-100.915,34.207
1573070574886,2019-11-06T15:02:54.886,11.090,45.061,-98.293,36.341
1573070574896,2019-11-06T15:02:54.896,11.100,42.012,-95.915,43.902
1573070574906,2019-11-06T15:02:54.906,11.110,34.634,-93.049,46.829
1573070574916,2019-11-06T15:02:54.916,11.120,23.963,-89.573,39.085
1573070574926,2019-11-06T15:02:54.926,11.130,17.317,-85.976,23.354
1573070574936,2019-11-06T15:02:54.936,11.140,17.317,-84.390,10.610
1573070574946,2019-11-06T15:02:54.946,11.150,20.244,-83.293,9.329
1573070574956,2019-11-06T15:02:54.956,11.160,20.610,-81.707,13.110
1573070574966,2019-11-06T15:02:54.966,11.170,5.061,-81.159,4.451
1573070574976,2019-11-06T15:02:54.976,11.180,-7.805,-81.463,-4.939
1573070574986,2019-11-06T15:02:54.986,11.190,-12.256,-81.220,-7.988
1573070574996,2019-11-06T15:02:54.996,11.200,-15.061,-78.780,-9.634
1573070575006,2019-11-06T15:02:55.006,11.210,-15.732,-75.244,-11.159
1573070575016,2019-11-06T15:02:55.016,11.220,-14.329,-71.951,-12.439
1573070575026,2019-11-06T15:02:55.026,11.230,-9.329,-70.061,-12.988
1573070575036,2019-11-06T15:02:55.036,11.240,-0.610,-69.329,-10.000
1573070575046,2019-11-06T15:02:55.046,11.250,8.720,-69.451,-4.878
1573070575056,2019-11-06T15:02:55.056,11.260,17.256,-69.817,1.585
1573070575066,2019-11-06T15:02:55.066,11.270,24.634,-70.427,8.902
1573070575076,2019-11-06T15:02:55.076,11.280,31.098,-71.220,15.610
1573070575086,2019-11-06T15:02:55.086,11.290,40.122,-71.159,21.768
1573070575096,2019-11-06T15:02:55.096,11.300,42.073,-72.012,25.488
1573070575106,2019-11-06T15:02:55.106,11.310,30.244,-73.841,16.037
1573070575116,2019-11-06T15:02:55.116,11.320,29.573,-74.878,8.476
1573070575126,2019-11-06T15:02:55.126,11.330,57.622,-76.951,30.915
1573070575136,2019-11-06T15:02:55.136,11.340,50.183,-79.268,24.451
1573070575146,2019-11-06T15:02:55.146,11.350,-14.512,-88.110,-17.012
1573070575156,2019-11-06T15:02:55.156,11.360,20.854,-88.354,-13.963
1573070575166,2019-11-06T15:02:55.166,11.370,132.744,-87.866,37.744
1573070575176,2019-11-06T15:02:55.176,11.380,128.902,-87.744,46.220
1573070575186,2019-11-06T15:02:55.186,11.390,56.280,-85.427,25.183
1573070575196,2019-11-06T15:02:55.196,11.400,34.085,-78.902,14.878
1573070575206,2019-11-06T15:02:55.206,11.410,26.463,-74.573,12.561
1573070575216,2019-11-06T15:02:55.216,11.420,16.341,-72.256,9.085
1573070575226,2019-11-06T15:02:55.226,11.430,-2.134,-71.707,-1.220
1573070575236,2019-11-06T15:02:55.236,11.440,-16.037,-74.146,-14.817
1573070575246,2019-11-06T15:02:55.246,11.450,-23.049,-78.780,-26.098
1573070575256,2019-11-06T15:02:55.256,11.460,-29.390,-83.232,-33.537
1573070575266,2019-11-06T15:02:55.266,11.470,-38.598,-87.256,-39.756
1573070575276,2019-11-06T15:02:55.276,11.480,-47.195,-91.829,-44.634
1573070575286,2019-11-06T15:02:55.286,11.490,-51.402,-97.195,-45.549
1573070575296,2019-11-06T15:02:55.296,11.500,-49.756,-102.927,-42.622
1573070575306,2019-11-06T15:02:55.306,11.510,-43.232,-109.207,-36.159
1573070575316,2019-11-06T15:02:55.316,11.520,-34.024,-115.610,-28.049
1573070575326,2019-11-06T15:02:55.326,11.530,-25.427,-121.280,-19.512
1573070575336,2019-11-06T15:02:55.336,11.540,-18.476,-125.915,-10.549
1573070575346,2019-11-06T15:02:55.346,11.550,-13.963,-129.390,-3.415
1573070575356,2019-11-06T15:02:55.356,11.560,-12.317,-131.585,0.915
1573070575366,2019-11-06T15:02:55.366,11.570,-10.915,-132.378,4.085
1573070575376,2019-11-06T15:02:55.376,11.580,-8.963,-132.012,6.524
1573070575386,2019-11-06T15:02:55.386,11.590,-6.951,-130.854,8.049
1573070575396,2019-11-06T15:02:55.396,11.600,-4.207,-128.841,8.415
1573070575406,2019-11-06T15:02:55.406,11.610,1.585,-126.159,7.317
1573070575416,2019-11-06T15:02:55.416,11.620,-0.854,-124.512,5.427
1573070575426,2019-11-06T15:02:55.426,11.630,-0.854,-122.317,2.744
1573070575436,2019-11-06T15:02:55.436,11.640,1.159,-120.183,0.549
1573070575446,2019-11-06T15:02:55.446,11.650,3.354,-118.354,-0.305
1573070575456,2019-11-06T15:02:55.456,11.660,5.183,-116.585,-0.732
1573070575466,2019-11-06T15:02:55.466,11.670,5.915,-114.878,-0.488
1573070575476,2019-11-06T15:02:55.476,11.680,5.915,-113.537,0.488
1573070575486,2019-11-06T15:02:55.486,11.690,3.537,-112.561,0.793
1573070575496,2019-11-06T15:02:55.496,11.700,-1.585,-112.134,-1.037
1573070575506,2019-11-06T15:02:55.506,11.710,-5.488,-112.805,-2.683
1573070575516,2019-11-06T15:02:55.516,11.720,-7.073,-114.939,-3.171
1573070575526,2019-11-06T15:02:55.526,11.730,-9.573,-118.049,-4.756
1573070575536,2019-11-06T15:02:55.536,11.740,-14.024,-122.073,-8.598
1573070575546,2019-11-06T15:02:55.546,11.750,-17.195,-126.707,-12.317
1573070575556,2019-11-06T15:02:55.556,11.760,-18.780,-131.707,-14.939
1573070575566,2019-11-06T15:02:55.566,11.770,-20.183,-137.134,-16.768
1573070575576,2019-11-06T15:02:55.576,11.780,-22.927,-141.768,-20.122
1573070575586,2019-11-06T15:02:55.586,11.790,-25.122,-145.305,-23.841
1573070575596,2019-11-06T15:02:55.596,11.800,-25.000,-148.171,-26.280
1573070575606,2019-11-06T15:02:55.606,11.810,-24.268,-149.939,-29.207
1573070575616,2019-11-06T15:02:55.616,11.820,-20.915,-150.610,-30.793
1573070575626,2019-11-06T15:02:55.626,11.830,-15.671,-150.732,-31.341
1573070575636,2019-11-06T15:02:55.636,11.840,-9.817,-150.488,-30.976
1573070575646,2019-11-06T15:02:55.646,11.850,-5.183,-149.939,-29.573
1573070575656,2019-11-06T15:02:55.656,11.860,5.976,-147.256,-26.585
1573070575666,2019-11-06T15:02:55.666,11.870,10.671,-143.963,-21.463
1573070575676,2019-11-06T15:02:55.676,11.880,7.256,-139.329,-16.220
1573070575686,2019-11-06T15:02:55.686,11.890,-2.378,-133.537,-12.439
1573070575696,2019-11-06T15:02:55.696,11.900,-12.622,-127.317,-8.415
1573070575706,2019-11-06T15:02:55.706,11.910,-20.000,-120.671,-3.415
1573070575716,2019-11-06T15:02:55.716,11.920,-28.232,-113.659,0.305
1573070575726,2019-11-06T15:02:55.726,11.930,-37.988,-106.646,0.854
1573070575736,2019-11-06T15:02:55.736,11.940,-45.732,-100.488,-0.488
1573070575746,2019-11-06T15:02:55.746,11.950,-50.061,-95.610,-2.744
1573070575756,2019-11-06T15:02:55.756,11.960,-50.427,-91.829,-6.159
1573070575766,2019-11-06T15:02:55.766,11.970,-48.293,-88.598,-10.183
1573070575776,2019-11-06T15:02:55.776,11.980,-46.402,-85.610,-14.268
1573070575786,2019-11-06T15:02:55.786,11.990,-44.634,-82.683,-17.012
1573070575796,2019-11-06T15:02:55.796,12.000,-41.829,-79.756,-17.988
1573070575806,2019-11-06T15:02:55.806,12.010,-39.024,-76.951,-18.232
1573070575816,2019-11-06T15:02:55.816,12.020,-38.110,-74.451,-19.573
1573070575826,2019-11-06T15:02:55.826,12.030,-38.659,-72.500,-22.500
1573070575836,2019-11-06T15:02:55.836,12.040,-38.171,-71.280,-25.854
1573070575846,2019-11-06T15:02:55.846,12.050,-36.463,-70.183,-28.841
1573070575856,2019-11-06T15:02:55.856,12.060,-34.207,-69.146,-31.463
1573070575866,2019-11-06T15:02:55.866,12.070,-31.220,-67.805,-33.598
1573070575876,2019-11-06T15:02:55.876,12.080,-27.317,-66.341,-34.329
1573070575886,2019-11-06T15:02:55.886,12.090,-23.049,-64.756,-34.512
1573070575896,2019-11-06T15:02:55.896,12.100,-19.390,-63.415,-34.512
1573070575906,2019-11-06T15:02:55.906,12.110,-15.549,-62.622,-33.232
1573070575916,2019-11-06T15:02:55.916,12.120,-11.646,-62.988,-30.427
1573070575926,2019-11-06T15:02:55.926,12.130,-8.537,-63.902,-26.280
1573070575936,2019-11-06T15:02:55.936,12.140,-6.524,-65.305,-20.305
1573070575946,2019-11-06T15:02:55.946,12.150,-5.427,-66.890,-13.963
1573070575956,2019-11-06T15:02:55.956,12.160,-5.000,-68.659,-8.415
1573070575966,2019-11-06T15:02:55.966,12.170,-5.183,-70.305,-3.354
1573070575976,2019-11-06T15:02:55.976,12.180,-4.817,-71.098,1.402
1573070575986,2019-11-06T15:02:55.986,12.190,-4.329,-71.037,5.610
1573070575996,2019-11-06T15:02:55.996,12.200,-4.085,-70.305,8.598
1573070576006,2019-11-06T15:02:56.006,12.210,-3.232,-69.085,10.732
1573070576016,2019-11-06T15:02:56.016,12.220,-2.012,-67.561,12.744
1573070576026,2019-11-06T15:02:56.026,12.230,-0.854,-65.671,14.024
1573070576036,2019-11-06T15:02:56.036,12.240,-0.305,-63.476,13.841
1573070576046,2019-11-06T15:02:56.046,12.250,-0.122,-61.098,12.683
1573070576056,2019-11-06T15:02:56.056,12.260,0.976,-58.598,11.646
1573070576066,2019-11-06T15:02:56.066,12.270,2.012,-56.159,10.793
1573070576076,2019-11-06T15:02:56.076,12.280,3.171,-54.085,10.305
1573070576086,2019-11-06T15:02:56.086,12.290,4.695,-52.073,9.878
1573070576096,2019-11-06T15:02:56.096,12.300,5.671,-50.427,9.634
1573070576106,2019-11-06T15:02:56.106,12.310,6.585,-48.902,9.512
1573070576116,2019-11-06T15:02:56.116,12.320,6.646,-47.439,9.085
1573070576126,2019-11-06T15:02:56.126,12.330,7.622,-46.707,9.207
1573070576136,2019-11-06T15:02:56.136,12.340,9.512,-46.280,8.841
1573070576146,2019-11-06T15:02:56.146,12.350,10.854,-45.488,7.805
1573070576156,2019-11-06T15:02:56.156,12.360,11.280,-44.817,6.159
1573070576166,2019-11-06T15:02:56.166,12.370,11.524,-44.024,4.024
1573070576176,2019-11-06T15:02:56.176,12.380,11.098,-43.415,1.646
1573070576186,2019-11-06T15:02:56.186,12.390,10.854,-43.049,-0.671
1573070576196,2019-11-06T15:02:56.196,12.400,10.793,-42.683,-3.110
1573070576206,2019-11-06T15:02:56.206,12.410,10.854,-41.951,-4.939
1573070576216,2019-11-06T15:02:56.216,12.420,11.159,-41.159,-5.976
1573070576226,2019-11-06T15:02:56.226,12.430,10.610,-40.915,-7.439
1573070576236,2019-11-06T15:02:56.236,12.440,9.512,-40.793,-8.902
1573070576246,2019-11-06T15:02:56.246,12.450,8.598,-40.610,-9.756
1573070576256,2019-11-06T15:02:56.256,12.460,7.622,-40.305,-10.366
1573070576266,2019-11-06T15:02:56.266,12.470,6.707,-40.122,-10.793
1573070576276,2019-11-06T15:02:56.276,12.480,6.768,-39.817,-9.878
1573070576286,2019-11-06T15:02:56.286,12.490,7.195,-39.390,-8.232
1573070576296,2019-11-06T15:02:56.296,12.500,7.195,-38.720,-7.378
1573070576306,2019-11-06T15:02:56.306,12.510,6.524,-37.256,-7.073
1573070576316,2019-11-06T15:02:56.316,12.520,6.159,-35.000,-5.122
1573070576326,2019-11-06T15:02:56.326,12.530,5.610,-32.805,-2.256
1573070576336,2019-11-06T15:02:56.336,12.540,3.415,-30.915,-0.732
1573070576346,2019-11-06T15:02:56.346,12.550,-0.122,-29.390,-0.305
1573070576356,2019-11-06T15:02:56.356,12.560,-4.756,-28.293,-0.366
1573070576366,2019-11-06T15:02:56.366,12.570,-10.732,-27.317,-0.793
1573070576376,2019-11-06T15:02:56.376,12.580,-18.171,-26.524,-1.829
1573070576386,2019-11-06T15:02:56.386,12.590,-26.341,-25.976,-3.598
1573070576396,2019-11-06T15:02:56.396,12.600,-34.634,-25.732,-6.524
1573070576406,2019-11-06T15:02:56.406,12.610,-41.707,-25.610,-8.902
1573070576416,2019-11-06T15:02:56.416,12.620,-41.280,-25.427,-5.366
1573070576426,2019-11-06T15:02:56.426,12.630,-35.488,-25.549,1.220
1573070576436,2019-11-06T15:02:56.436,12.640,-32.500,-25.488,2.866
1573070576446,2019-11-06T15:02:56.446,12.650,-30.793,-25.122,-0.427
1573070576456,2019-11-06T15:02:56.456,12.660,-26.951,-25.122,-4.878
1573070576466,2019-11-06T15:02:56.466,12.670,-24.146,-24.939,-11.402
1573070576476,2019-11-06T15:02:56.476,12.680,-22.195,-24.207,-19.939
1573070576486,2019-11-06T15:02:56.486,12.690,-19.756,-23.293,-28.232
1573070576496,2019-11-06T15:02:56.496,12.700,-16.890,-22.683,-35.732
1573070576506,2019-11-06T15:02:56.506,12.710,-13.476,-21.951,-42.561
1573070576516,2019-11-06T15:02:56.516,12.720,-9.512,-21.159,-47.866
1573070576526,2019-11-06T15:02:56.526,12.730,-6.524,-20.122,-52.561
1573070576536,2019-11-06T15:02:56.536,12.740,-3.780,-18.841,-56.402
1573070576546,2019-11-06T15:02:56.546,12.750,-1.098,-17.256,-58.963
1573070576556,2019-11-06T15:02:56.556,12.760,1.098,-15.244,-61.159
1573070576566,2019-11-06T15:02:56.566,12.770,3.293,-13.110,-62.561
1573070576576,2019-11-06T15:02:56.576,12.780,5.732,-10.915,-62.073
1573070576586,2019-11-06T15:02:56.586,12.790,7.744,-8.537,-60.000
1573070576596,2019-11-06T15:02:56.596,12.800,8.537,-6.037,-57.378
1573070576606,2019-11-06T15:02:56.606,12.810,9.024,-3.720,-54.146
1573070576616,2019-11-06T15:02:56.616,12.820,10.122,-1.585,-50.305
1573070576626,2019-11-06T15:02:56.626,12.830,11.280,0.488,-46.220
1573070576636,2019-11-06T15:02:56.636,12.840,12.012,2.500,-42.317
1573070576646,2019-11-06T15:02:56.646,12.850,12.256,4.634,-38.171
1573070576656,2019-11-06T15:02:56.656,12.860,11.585,7.012,-34.695
1573070576666,2019-11-06T15:02:56.666,12.870,11.280,9.146,-31.585
1573070576676,2019-11-06T15:02:56.676,12.880,11.037,11.220,-28.780
1573070576686,2019-11-06T15:02:56.686,12.890,10.671,12.988,-25.976
1573070576696,2019-11-06T15:02:56.696,12.900,10.488,14.451,-23.841
1573070576706,2019-11-06T15:02:56.706,12.910,9.817,15.610,-22.134
1573070576716,2019-11-06T15:02:56.716,12.920,9.695,16.463,-20.793
1573070576726,2019-11-06T15:02:56.726,12.930,9.939,17.317,-19.817
1573070576736,2019-11-06T15:02:56.736,12.940,9.512,18.110,-19.634
1573070576746,2019-11-06T15:02:56.746,12.950,9.024,18.598,-20.122
1573070576756,2019-11-06T15:02:56.756,12.960,8.354,19.268,-20.915
1573070576766,2019-11-06T15:02:56.766,12.970,7.561,19.756,-22.378
1573070576776,2019-11-06T15:02:56.776,12.980,6.890,19.939,-24.146
1573070576786,2019-11-06T15:02:56.786,12.990,6.707,19.817,-25.732
1573070576796,2019-11-06T15:02:56.796,13.000,7.012,19.695,-27.073
1573070576806,2019-11-06T15:02:56.806,13.010,6.768,19.390,-27.927
1573070576816,2019-11-06T15:02:56.816,13.020,5.793,18.902,-28.720
1573070576826,2019-11-06T15:02:56.826,13.030,5.061,18.232,-28.720
1573070576836,2019-11-06T15:02:56.836,13.040,4.451,17.500,-28.171
1573070576846,2019-11-06T15:02:56.846,13.050,3.110,16.585,-27.256
1573070576856,2019-11-06T15:02:56.856,13.060,2.500,15.488,-25.793
1573070576866,2019-11-06T15:02:56.866,13.070,2.317,14.390,-23.476
1573070576876,2019-11-06T15:02:56.876,13.080,1.159,13.049,-20.976
1573070576886,2019-11-06T15:02:56.886,13.090,0.061,11.829,-17.866
1573070576896,2019-11-06T15:02:56.896,13.100,-1.098,10.549,-14.512
1573070576906,2019-11-06T15:02:56.906,13.110,-2.439,9.207,-11.341
1573070576916,2019-11-06T15:02:56.916,13.120,-3.537,7.866,-7.744
1573070576926,2019-11-06T15:02:56.926,13.130,-4.695,6.341,-4.146
1573070576936,2019-11-06T15:02:56.936,13.140,-6.280,5.000,-0.732
1573070576946,2019-11-06T15:02:56.946,13.150,-7.500,3.902,1.890
1573070576956,2019-11-06T15:02:56.956,13.160,-8.049,3.110,3.659
1573070576966,2019-11-06T15:02:56.966,13.170,-8.110,2.378,4.878
1573070576976,2019-11-06T15:02:56.976,13.180,-7.927,1.646,5.854
1573070576986,2019-11-06T15:02:56.986,13.190,-7.988,0.976,5.793
1573070576996,2019-11-06T15:02:56.996,13.200,-7.622,0.427,5.305
1573070577006,2019-11-06T15:02:57.006,13.210,-7.195,-0.366,4.451
1573070577016,2019-11-06T15:02:57.016,13.220,-6.951,-1.402,3.537
1573070577026,2019-11-06T15:02:57.026,13.230,-5.976,-2.317,2.622
1573070577036,2019-11-06T15:02:57.036,13.240,-5.305,-3.232,1.220
1573070577046,2019-11-06T15:02:57.046,13.250,-5.061,-4.024,-0.244
1573070577056,2019-11-06T15:02:57.056,13.260,-5.000,-5.061,-1.646
1573070577066,2019-11-06T15:02:57.066,13.270,-4.390,-6.341,-2.195
1573070577076,2019-11-06T15:02:57.076,13.280,-3.415,-7.683,-2.134
1573070577086,2019-11-06T15:02:57.086,13.290,-3.049,-9.207,-2.500
1573070577096,2019-11-06T15:02:57.096,13.300,-2.988,-11.037,-2.805
1573070577106,2019-11-06T15:02:57.106,13.310,-2.378,-12.866,-2.439
1573070577116,2019-11-06T15:02:57.116,13.320,-1.646,-14.756,-2.378
1573070577126,2019-11-06T15:02:57.126,13.330,-4.817,-16.220,-4.817
1573070577136,2019-11-06T15:02:57.136,13.340,-11.951,-17.439,-7.744
1573070577146,2019-11-06T15:02:57.146,13.350,-10.122,-19.390,-1.037
1573070577156,2019-11-06T15:02:57.156,13.360,-1.402,-23.537,10.610
1573070577166,2019-11-06T15:02:57.166,13.370,-4.268,-25.854,12.134
1573070577176,2019-11-06T15:02:57.176,13.380,-11.829,-25.061,11.037
1573070577186,2019-11-06T15:02:57.186,13.390,-10.793,-24.939,16.768
1573070577196,2019-11-06T15:02:57.196,13.400,-9.878,-25.183,22.012
1573070577206,2019-11-06T15:02:57.206,13.410,-13.476,-24.207,23.354
1573070577216,2019-11-06T15:02:57.216,13.420,-16.951,-22.500,23.841
1573070577226,2019-11-06T15:02:57.226,13.430,-19.390,-20.244,24.634
1573070577236,2019-11-06T15:02:57.236,13.440,-22.073,-17.256,24.817
1573070577246,2019-11-06T15:02:57.246,13.450,-25.793,-13.780,23.415
1573070577256,2019-11-06T15:02:57.256,13.460,-29.451,-9.451,21.890
1573070577266,2019-11-06T15:02:57.266,13.470,-31.951,-4.695,20.671
1573070577276,2019-11-06T15:02:57.276,13.480,-33.902,0.244,19.024
1573070577286,2019-11-06T15:02:57.286,13.490,-35.793,5.000,16.585
1573070577296,2019-11-06T15:02:57.296,13.500,-37.500,9.695,13.720
1573070577306,2019-11-06T15:02:57.306,13.510,-38.354,14.268,10.610
1573070577316,2019-11-06T15:02:57.316,13.520,-38.110,18.415,7.500
1573070577326,2019-11-06T15:02:57.326,13.530,-37.622,21.951,4.329
1573070577336,2019-11-06T15:02:57.336,13.540,-37.134,24.817,1.402
1573070577346,2019-11-06T15:02:57.346,13.550,-35.854,26.829,-1.159
1573070577356,2019-11-06T15:02:57.356,13.560,-33.659,28.049,-2.805
1573070577366,2019-11-06T15:02:57.366,13.570,-31.829,28.841,-3.720
1573070577376,2019-11-06T15:02:57.376,13.580,-31.098,29.573,-4.512
1573070577386,2019-11-06T15:02:57.386,13.590,-30.793,30.122,-5.244
1573070577396,2019-11-06T15:02:57.396,13.600,-30.183,30.671,-5.488
1573070577406,2019-11-06T15:02:57.406,13.610,-29.878,31.159,-5.793
1573070577416,2019-11-06T15:02:57.416,13.620,-29.756,31.463,-6.341
1573070577426,2019-11-06T15:02:57.426,13.630,-28.659,31.646,-6.829
1573070577436,2019-11-06T15:02:57.436,13.640,-26.585,31.707,-7.073
1573070577446,2019-11-06T15:02:57.446,13.650,-24.573,31.707,-8.049
1573070577456,2019-11-06T15:02:57.456,13.660,-22.012,31.585,-9.024
1573070577466,2019-11-06T15:02:57.466,13.670,-19.085,31.585,-10.183
1573070577476,2019-11-06T15:02:57.476,13.680,-16.524,31.524,-11.159
1573070577486,2019-11-06T15:02:57.486,13.690,-14.024,31.280,-12.073
1573070577496,2019-11-06T15:02:57.496,13.700,-11.951,30.793,-13.110
1573070577506,2019-11-06T15:02:57.506,13.710,-10.366,30.427,-13.780
1573070577516,2019-11-06T15:02:57.516,13.720,-9.329,30.000,-14.390
1573070577526,2019-11-06T15:02:57.526,13.730,-8.780,29.390,-15.549
1573070577536,2019-11-06T15:02:57.536,13.740,-8.415,28.780,-16.524
1573070577546,2019-11-06T15:02:57.546,13.750,-7.988,27.988,-16.951
1573070577556,2019-11-06T15:02:57.556,13.760,-7.622,26.951,-16.951
1573070577566,2019-11-06T15:02:57.566,13.770,-7.500,25.793,-17.195
1573070577576,2019-11-06T15:02:57.576,13.780,-7.378,24.512,-17.683
1573070577586,2019-11-06T15:02:57.586,13.790,-6.646,22.805,-18.110
1573070577596,2019-11-06T15:02:57.596,13.800,-5.549,21.037,-18.476
1573070577606,2019-11-06T15:02:57.606,13.810,-4.573,19.268,-18.720
1573070577616,2019-11-06T15:02:57.616,13.820,-3.720,17.622,-18.659
1573070577626,2019-11-06T15:02:57.626,13.830,-3.476,16.098,-18.841
1573070577636,2019-11-06T15:02:57.636,13.840,-3.171,14.817,-18.780
1573070577646,2019-11-06T15:02:57.646,13.850,-3.720,13.659,-19.085
1573070577656,2019-11-06T15:02:57.656,13.860,-4.695,12.622,-19.573
1573070577666,2019-11-06T15:02:57.666,13.870,-6.037,11.707,-20.183
1573070577676,2019-11-06T15:02:57.676,13.880,-7.866,10.915,-21.098
1573070577686,2019-11-06T15:02:57.686,13.890,-9.817,10.000,-22.744
1573070577696,2019-11-06T15:02:57.696,13.900,-10.976,8.963,-24.817
1573070577706,2019-11-06T15:02:57.706,13.910,-11.829,7.866,-27.317
1573070577716,2019-11-06T15:02:57.716,13.920,-12.805,6.829,-30.183
1573070577726,2019-11-06T15:02:57.726,13.930,-13.476,5.915,-33.232
1573070577736,2019-11-06T15:02:57.736,13.940,-14.024,4.878,-36.037
1573070577746,2019-11-06T15:02:57.746,13.950,-13.659,3.841,-38.415
1573070577756,2019-11-06T15:02:57.756,13.960,-12.866,2.622,-40.976
1573070577766,2019-11-06T15:02:57.766,13.970,-12.134,1.037,-43.232
1573070577776,2019-11-06T15:02:57.776,13.980,-10.183,-0.549,-45.488
1573070577786,2019-11-06T15:02:57.786,13.990,-9.085,-2.317,-49.207
1573070577796,2019-11-06T15:02:57.796,14.000,-8.720,-4.085,-53.293
1573070577806,2019-11-06T15:02:57.806,14.010,-7.927,-5.793,-56.646
1573070577816,2019-11-06T15:02:57.816,14.020,-6.951,-7.317,-59.207
1573070577826,2019-11-06T15:02:57.826,14.030,-5.976,-8.537,-61.341
1573070577836,2019-11-06T15:02:57.836,14.040,-5.305,-9.146,-62.866
1573070577846,2019-11-06T15:02:57.846,14.050,-5.305,-9.451,-63.720
1573070577856,2019-11-06T15:02:57.856,14.060,-4.939,-9.573,-63.537
1573070577866,2019-11-06T15:02:57.866,14.070,-3.720,-9.512,-62.256
1573070577876,2019-11-06T15:02:57.876,14.080,-2.378,-9.756,-60.549
1573070577886,2019-11-06T15:02:57.886,14.090,-0.854,-10.000,-58.780
1573070577896,2019-11-06T15:02:57.896,14.100,0.122,-10.427,-57.561
1573070577906,2019-11-06T15:02:57.906,14.110,-0.061,-11.098,-57.988
1573070577916,2019-11-06T15:02:57.916,14.120,-3.537,-11.524,-61.646
1573070577926,2019-11-06T15:02:57.926,14.130,-5.366,-11.280,-62.744
1573070577936,2019-11-06T15:02:57.936,14.140,-3.659,-11.341,-59.390
1573070577946,2019-11-06T15:02:57.946,14.150,-5.793,-11.098,-58.415
1573070577956,2019-11-06T15:02:57.956,14.160,-6.463,-10.305,-55.549
1573070577966,2019-11-06T15:02:57.966,14.170,-4.451,-10.122,-51.159
1573070577976,2019-11-06T15:02:57.976,14.180,-8.049,-9.817,-52.134
1573070577986,2019-11-06T15:02:57.986,14.190,-10.244,-9.512,-52.317
1573070577996,2019-11-06T15:02:57.996,14.200,-7.256,-10.122,-49.329
1573070578006,2019-11-06T15:02:58.006,14.210,-5.488,-11.159,-48.659
1573070578016,2019-11-06T15:02:58.016,14.220,-5.488,-12.317,-50.732
1573070578026,2019-11-06T15:02:58.026,14.230,-5.000,-13.841,-53.537
1573070578036,2019-11-06T15:02:58.036,14.240,-3.232,-15.488,-55.732
1573070578046,2019-11-06T15:02:58.046,14.250,-0.671,-17.317,-57.378
1573070578056,2019-11-06T15:02:58.056,14.260,1.341,-19.207,-59.756
1573070578066,2019-11-06T15:02:58.066,14.270,2.927,-21.037,-62.317
1573070578076,2019-11-06T15:02:58.076,14.280,4.207,-22.683,-64.329
1573070578086,2019-11-06T15:02:58.086,14.290,4.512,-23.902,-66.341
1573070578096,2019-11-06T15:02:58.096,14.300,4.634,-24.573,-68.415
1573070578106,2019-11-06T15:02:58.106,14.310,4.878,-24.878,-71.037
1573070578116,2019-11-06T15:02:58.116,14.320,5.000,-25.061,-73.598
1573070578126,2019-11-06T15:02:58.126,14.330,5.549,-25.427,-75.854
1573070578136,2019-11-06T15:02:58.136,14.340,5.976,-25.732,-77.622
1573070578146,2019-11-06T15:02:58.146,14.350,5.793,-25.854,-79.024
1573070578156,2019-11-06T15:02:58.156,14.360,5.366,-25.305,-79.634
1573070578166,2019-11-06T15:02:58.166,14.370,5.122,-24.512,-78.720
1573070578176,2019-11-06T15:02:58.176,14.380,5.122,-23.659,-76.220
1573070578186,2019-11-06T15:02:58.186,14.390,5.183,-22.622,-72.744
1573070578196,2019-11-06T15:02:58.196,14.400,5.061,-21.098,-68.659
1573070578206,2019-11-06T15:02:58.206,14.410,5.061,-19.329,-64.451
1573070578216,2019-11-06T15:02:58.216,14.420,5.000,-17.683,-60.488
1573070578226,2019-11-06T15:02:58.226,14.430,4.695,-16.037,-56.646
1573070578236,2019-11-06T15:02:58.236,14.440,4.207,-14.573,-52.683
1573070578246,2019-11-06T15:02:58.246,14.450,3.780,-12.988,-48.537
1573070578256,2019-11-06T15:02:58.256,14.460,3.171,-11.098,-44.390
1573070578266,2019-11-06T15:02:58.266,14.470,2.622,-9.085,-40.122
1573070578276,2019-11-06T15:02:58.276,14.480,2.439,-7.195,-35.305
1573070578286,2019-11-06T15:02:58.286,14.490,2.622,-5.427,-30.183
1573070578296,2019-11-06T15:02:58.296,14.500,2.988,-3.659,-25.549
1573070578306,2019-11-06T15:02:58.306,14.510,3.171,-2.012,-21.402
1573070578316,2019-11-06T15:02:58.316,14.520,3.171,-0.427,-17.683
1573070578326,2019-11-06T15:02:58.326,14.530,3.232,0.915,-14.085
1573070578336,2019-11-06T15:02:58.336,14.540,3.232,1.951,-11.098
1573070578346,2019-11-06T15:02:58.346,14.550,3.171,2.866,-9.085
1573070578356,2019-11-06T15:02:58.356,14.560,2.988,3.415,-7.988
1573070578366,2019-11-06T15:02:58.366,14.570,2.805,3.659,-7.683
1573070578376,2019-11-06T15:02:58.376,14.580,2.256,3.659,-7.866
1573070578386,2019-11-06T15:02:58.386,14.590,1.890,3.293,-8.049
1573070578396,2019-11-06T15:02:58.396,14.600,1.951,2.988,-8.049
1573070578406,2019-11-06T15:02:58.406,14.610,1.707,2.622,-8.171
1573070578416,2019-11-06T15:02:58.416,14.620,1.402,2.134,-8.659
1573070578426,2019-11-06T15:02:58.426,14.630,0.976,1.646,-9.451
1573070578436,2019-11-06T15:02:58.436,14.640,0.488,1.220,-10.244
1573070578446,2019-11-06T15:02:58.446,14.650,-0.061,1.037,-10.854
1573070578456,2019-11-06T15:02:58.456,14.660,-0.366,0.854,-11.159
1573070578466,2019-11-06T15:02:58.466,14.670,-0.366,0.427,-11.159
1573070578476,2019-11-06T15:02:58.476,14.680,-0.366,0.000,-11.037
1573070578486,2019-11-06T15:02:58.486,14.690,0.305,-0.488,-10.732
1573070578496,2019-11-06T15:02:58.496,14.700,0.915,-1.037,-10.671
1573070578506,2019-11-06T15:02:58.506,14.710,1.768,-1.829,-10.061
1573070578516,2019-11-06T15:02:58.516,14.720,2.988,-2.500,-9.207
1573070578526,2019-11-06T15:02:58.526,14.730,4.390,-3.354,-7.866
1573070578536,2019-11-06T15:02:58.536,14.740,5.610,-4.207,-6.402
1573070578546,2019-11-06T15:02:58.546,14.750,6.402,-4.695,-4.756
1573070578556,2019-11-06T15:02:58.556,14.760,6.829,-5.244,-3.293
1573070578566,2019-11-06T15:02:58.566,14.770,7.012,-5.793,-2.012
1573070578576,2019-11-06T15:02:58.576,14.780,6.890,-6.280,-0.915
1573070578586,2019-11-06T15:02:58.586,14.790,6.707,-6.768,-0.244
1573070578596,2019-11-06T15:02:58.596,14.800,6.341,-7.134,0.488
1573070578606,2019-11-06T15:02:58.606,14.810,6.098,-7.378,1.220
1573070578616,2019-11-06T15:02:58.616,14.820,5.610,-7.561,2.012
1573070578626,2019-11-06T15:02:58.626,14.830,4.939,-7.683,2.744
1573070578636,2019-11-06T15:02:58.636,14.840,4.634,-7.500,3.537
1573070578646,2019-11-06T15:02:58.646,14.850,4.634,-7.256,4.146
1573070578656,2019-11-06T15:02:58.656,14.860,4.573,-7.195,4.573
1573070578666,2019-11-06T15:02:58.666,14.870,4.146,-7.134,4.817
1573070578676,2019-11-06T15:02:58.676,14.880,2.927,-6.707,4.817
1573070578686,2019-11-06T15:02:58.686,14.890,2.073,-6.098,4.939
1573070578696,2019-11-06T15:02:58.696,14.900,1.707,-5.549,5.183
1573070578706,2019-11-06T15:02:58.706,14.910,1.159,-4.756,5.000
1573070578716,2019-11-06T15:02:58.716,14.920,0.610,-4.207,4.390
1573070578726,2019-11-06T15:02:58.726,14.930,0.427,-3.598,4.085
1573070578736,2019-11-06T15:02:58.736,14.940,0.427,-3.171,3.780
1573070578746,2019-11-06T15:02:58.746,14.950,0.488,-2.805,3.537
1573070578756,2019-11-06T15:02:58.756,14.960,0.488,-2.378,3.415
1573070578766,2019-11-06T15:02:58.766,14.970,0.671,-1.951,3.476
1573070578776,2019-11-06T15:02:58.776,14.980,0.854,-1.646,3.780
1573070578786,2019-11-06T15:02:58.786,14.990,0.976,-1.341,4.573
1573070578796,2019-11-06T15:02:58.796,15.000,0.793,-1.037,5.366
1573070578806,2019-11-06T15:02:58.806,15.010,0.427,-0.610,6.037
1573070578816,2019-11-06T15:02:58.816,15.020,-0.244,-0.244,6.707
1573070578826,2019-11-06T15:02:58.826,15.030,-0.488,-0.061,7.500
1573070578836,2019-11-06T15:02:58.836,15.040,-0.549,0.061,8.110
1573070578846,2019-11-06T15:02:58.846,15.050,-0.549,0.122,8.476
1573070578856,2019-11-06T15:02:58.856,15.060,-0.549,0.244,8.476
1573070578866,2019-11-06T15:02:58.866,15.070,-0.488,0.305,8.354
1573070578876,2019-11-06T15:02:58.876,15.080,-0.488,0.366,8.354
1573070578886,2019-11-06T15:02:58.886,15.090,-0.732,0.427,8.293
1573070578896,2019-11-06T15:02:58.896,15.100,-1.280,0.488,8.049
1573070578906,2019-11-06T15:02:58.906,15.110,-2.012,0.610,7.866
1573070578916,2019-11-06T15:02:58.916,15.120,-2.805,0.671,7.500
1573070578926,2019-11-06T15:02:58.926,15.130,-3.476,0.793,7.317
1573070578936,2019-11-06T15:02:58.936,15.140,-4.207,1.098,7.317
1573070578946,2019-11-06T15:02:58.946,15.150,-4.939,1.280,6.890
1573070578956,2019-11-06T15:02:58.956,15.160,-5.427,1.402,6.402
1573070578966,2019-11-06T15:02:58.966,15.170,-5.732,1.585,6.220
1573070578976,2019-11-06T15:02:58.976,15.180,-5.854,1.890,6.220
1573070578986,2019-11-06T15:02:58.986,15.190,-6.098,2.256,6.098
1573070578996,2019-11-06T15:02:58.996,15.200,-6.280,2.500,5.793
1573070579006,2019-11-06T15:02:59.006,15.210,-6.280,2.744,5.732
1573070579016,2019-11-06T15:02:59.016,15.220,-6.341,2.927,5.671
1573070579026,2019-11-06T15:02:59.026,15.230,-6.585,3.110,5.549
1573070579036,2019-11-06T15:02:59.036,15.240,-6.585,3.232,5.305
1573070579046,2019-11-06T15:02:59.046,15.250,-6.402,3.354,5.305
1573070579056,2019-11-06T15:02:59.056,15.260,-6.402,3.354,5.366
1573070579066,2019-11-06T15:02:59.066,15.270,-6.402,3.293,5.366
1573070579076,2019-11-06T15:02:59.076,15.280,-6.220,3.232,5.366
1573070579086,2019-11-06T15:02:59.086,15.290,-5.976,3.110,5.427
1573070579096,2019-11-06T15:02:59.096,15.300,-5.671,3.232,5.671
1573070579106,2019-11-06T15:02:59.106,15.310,-5.183,3.354,5.610
1573070579116,2019-11-06T15:02:59.116,15.320,-4.817,3.110,5.427
1573070579126,2019-11-06T15:02:59.126,15.330,-4.329,2.744,5.183
1573070579136,2019-11-06T15:02:59.136,15.340,-3.963,2.317,4.756
1573070579146,2019-11-06T15:02:59.146,15.350,-3.537,1.768,4.512
1573070579156,2019-11-06T15:02:59.156,15.360,-3.171,1.280,4.451
1573070579166,2019-11-06T15:02:59.166,15.370,-2.317,0.793,4.512
1573070579176,2019-11-06T15:02:59.176,15.380,-1.585,0.366,3.902
1573070579186,2019-11-06T15:02:59.186,15.390,-1.585,0.000,3.171
1573070579196,2019-11-06T15:02:59.196,15.400,-1.341,-0.122,2.927
1573070579206,2019-11-06T15:02:59.206,15.410,-0.793,-0.244,2.744
1573070579216,2019-11-06T15:02:59.216,15.420,-0.366,-0.366,2.500
1573070579226,2019-11-06T15:02:59.226,15.430,-0.122,-0.610,2.073
1573070579236,2019-11-06T15:02:59.236,15.440,0.488,-0.793,1.768
1573070579246,2019-11-06T15:02:59.246,15.450,1.037,-1.098,1.646
1573070579256,2019-11-06T15:02:59.256,15.460,0.671,-1.585,1.341
1573070579266,2019-11-06T15:02:59.266,15.470,-0.122,-1.829,0.854
1573070579276,2019-11-06T15:02:59.276,15.480,-0.122,-1.951,0.610
1573070579286,2019-11-06T15:02:59.286,15.490,0.122,-2.256,0.366
1573070579296,2019-11-06T15:02:59.296,15.500,0.305,-2.500,0.244
1573070579306,2019-11-06T15:02:59.306,15.510,0.244,-2.622,-0.122
1573070579316,2019-11-06T15:02:59.316,15.520,0.061,-2.866,-0.549
1573070579326,2019-11-06T15:02:59.326,15.530,0.244,-3.171,-0.793
1573070579336,2019-11-06T15:02:59.336,15.540,0.610,-3.598,-0.732
1573070579346,2019-11-06T15:02:59.346,15.550,0.854,-3.963,-0.366
1573070579356,2019-11-06T15:02:59.356,15.560,0.915,-4.024,-0.183
1573070579366,2019-11-06T15:02:59.366,15.570,0.793,-4.146,-0.122
1573070579376,2019-11-06T15:02:59.376,15.580,0.732,-4.390,0.122
1573070579386,2019-11-06T15:02:59.386,15.590,0.793,-4.634,0.732
1573070579396,2019-11-06T15:02:59.396,15.600,0.793,-4.878,1.341
1573070579406,2019-11-06T15:02:59.406,15.610,0.793,-5.122,1.768
1573070579416,2019-11-06T15:02:59.416,15.620,0.854,-5.366,2.073
1573070579426,2019-11-06T15:02:59.426,15.630,1.220,-5.610,2.622
1573070579436,2019-11-06T15:02:59.436,15.640,1.463,-5.915,2.988
1573070579446,2019-11-06T15:02:59.446,15.650,1.585,-5.976,3.049
1573070579456,2019-11-06T15:02:59.456,15.660,1.829,-5.915,3.049
1573070579466,2019-11-06T15:02:59.466,15.670,1.829,-5.732,2.805
1573070579476,2019-11-06T15:02:59.476,15.680,1.890,-5.488,2.500
1573070579486,2019-11-06T15:02:59.486,15.690,2.073,-5.183,2.439
1573070579496,2019-11-06T15:02:59.496,15.700,2.256,-4.756,2.439
1573070579506,2019-11-06T15:02:59.506,15.710,2.439,-4.451,2.561
1573070579516,2019-11-06T15:02:59.516,15.720,2.622,-3.902,2.683
1573070579526,2019-11-06T15:02:59.526,15.730,2.805,-3.354,2.805
1573070579536,2019-11-06T15:02:59.536,15.740,2.805,-2.866,2.805
1573070579546,2019-11-06T15:02:59.546,15.750,2.683,-2.500,2.622
1573070579556,2019-11-06T15:02:59.556,15.760,2.744,-2.195,2.134
1573070579566,2019-11-06T15:02:59.566,15.770,2.927,-1.829,1.951
1573070579576,2019-11-06T15:02:59.576,15.780,3.110,-1.524,1.646
1573070579586,2019-11-06T15:02:59.586,15.790,3.232,-1.463,1.220
1573070579596,2019-11-06T15:02:59.596,15.800,3.232,-1.463,0.976
1573070579606,2019-11-06T15:02:59.606,15.810,3.171,-1.524,0.793
1573070579616,2019-11-06T15:02:59.616,15.820,3.171,-1.524,0.549
1573070579626,2019-11-06T15:02:59.626,15.830,2.927,-1.585,0.183
1573070579636,2019-11-06T15:02:59.636,15.840,2.622,-1.707,-0.122
1573070579646,2019-11-06T15:02:59.646,15.850,2.439,-1.646,-0.244
1573070579656,2019-11-06T15:02:59.656,15.860,2.378,-1.707,-0.305
1573070579666,2019-11-06T15:02:59.666,15.870,2.195,-1.829,-0.305
1573070579676,2019-11-06T15:02:59.676,15.880,1.768,-1.951,-0.427
1573070579686,2019-11-06T15:02:59.686,15.890,1.402,-1.890,-0.488
1573070579696,2019-11-06T15:02:59.696,15.900,0.976,-1.768,-0.549
1573070579706,2019-11-06T15:02:59.706,15.910,0.610,-1.707,-0.427
1573070579716,2019-11-06T15:02:59.716,15.920,0.244,-1.585,-0.122
1573070579726,2019-11-06T15:02:59.726,15.930,-0.122,-1.402,0.000
1573070579736,2019-11-06T15:02:59.736,15.940,-0.427,-1.220,0.000
1573070579746,2019-11-06T15:02:59.746,15.950,-0.793,-0.976,-0.183
1573070579756,2019-11-06T15:02:59.756,15.960,-1.037,-0.793,-0.488
1573070579766,2019-11-06T15:02:59.766,15.970,-1.341,-0.488,-0.549
1573070579776,2019-11-06T15:02:59.776,15.980,-1.707,-0.305,-0.732
1573070579786,2019-11-06T15:02:59.786,15.990,-1.768,-0.061,-0.671
1573070579796,2019-11-06T15:02:59.796,16.000,-1.402,0.061,-0.549
1573070579806,2019-11-06T15:02:59.806,16.010,-1.220,0.183,-0.488
1573070579816,2019-11-06T15:02:59.816,16.020,-0.854,0.061,-0.183
1573070579826,2019-11-06T15:02:59.826,16.030,-1.220,0.000,-0.244
1573070579836,2019-11-06T15:02:59.836,16.040,-1.829,0.000,-0.793
1573070579846,2019-11-06T15:02:59.846,16.050,-2.195,0.061,-0.915
1573070579856,2019-11-06T15:02:59.856,16.060,-2.134,0.122,-0.793
1573070579866,2019-11-06T15:02:59.866,16.070,-2.012,0.305,-0.976
1573070579876,2019-11-06T15:02:59.876,16.080,-2.195,0.427,-1.159
1573070579886,2019-11-06T15:02:59.886,16.090,-2.317,0.427,-1.341
1573070579896,2019-11-06T15:02:59.896,16.100,-1.768,0.305,-1.159
1573070579906,2019-11-06T15:02:59.906,16.110,-1.220,0.732,-0.366
1573070579916,2019-11-06T15:02:59.916,16.120,-1.159,0.915,0.122
1573070579926,2019-11-06T15:02:59.926,16.130,-0.671,0.793,-0.061
1573070579936,2019-11-06T15:02:59.936,16.140,-0.549,1.037,-0.488
1573070579946,2019-11-06T15:02:59.946,16.150,-0.915,1.402,-0.915
1573070579956,2019-11-06T15:02:59.956,16.160,-1.037,1.707,-1.159
1573070579966,2019-11-06T15:02:59.966,16.170,-0.732,1.829,-1.098
1573070579976,2019-11-06T15:02:59.976,16.180,-0.915,1.829,-1.280
1573070579986,2019-11-06T15:02:59.986,16.190,-0.854,1.951,-1.829
1573070579996,2019-11-06T15:02:59.996,16.200,-0.671,2.012,-2.439
1573070580006,2019-11-06T15:03:00.006,16.210,-0.244,2.073,-2.927
1573070580016,2019-11-06T15:03:00.016,16.220,0.183,1.951,-2.988
1573070580026,2019-11-06T15:03:00.026,16.230,0.488,1.585,-3.049
1573070580036,2019-11-06T15:03:00.036,16.240,0.610,1.341,-3.232
1573070580046,2019-11-06T15:03:00.046,16.250,0.427,1.280,-3.049
1573070580056,2019-11-06T15:03:00.056,16.260,0.305,1.098,-2.561
1573070580066,2019-11-06T15:03:00.066,16.270,0.305,0.671,-2.073
1573070580076,2019-11-06T15:03:00.076,16.280,0.122,0.549,-1.707
1573070580086,2019-11-06T15:03:00.086,16.290,0.122,0.366,-1.524
1573070580096,2019-11-06T15:03:00.096,16.300,0.305,0.061,-1.159
1573070580106,2019-11-06T15:03:00.106,16.310,0.549,-0.183,-0.793
1573070580116,2019-11-06T15:03:00.116,16.320,0.671,-0.366,-0.366
1573070580126,2019-11-06T15:03:00.126,16.330,0.854,-0.610,-0.183
1573070580136,2019-11-06T15:03:00.136,16.340,0.976,-0.915,-0.122
1573070580146,2019-11-06T15:03:00.146,16.350,0.793,-1.098,0.000
1573070580156,2019-11-06T15:03:00.156,16.360,0.732,-1.098,0.061
1573070580166,2019-11-06T15:03:00.166,16.370,0.732,-1.098,0.183
1573070580176,2019-11-06T15:03:00.176,16.380,0.610,-0.976,0.793
1573070580186,2019-11-06T15:03:00.186,16.390,0.549,-0.793,1.646
1573070580196,2019-11-06T15:03:00.196,16.400,0.671,-0.732,2.195
1573070580206,2019-11-06T15:03:00.206,16.410,0.732,-0.854,2.378
1573070580216,2019-11-06T15:03:00.216,16.420,0.549,-0.915,1.951
1573070580226,2019-11-06T15:03:00.226,16.430,0.061,-0.732,1.098
1573070580236,2019-11-06T15:03:00.236,16.440,-0.366,-0.549,0.244
1573070580246,2019-11-06T15:03:00.246,16.450,-0.854,-0.366,-0.366
1573070580256,2019-11-06T15:03:00.256,16.460,-0.915,-0.244,-0.610
1573070580266,2019-11-06T15:03:00.266,16.470,-1.159,0.061,-0.732
1573070580276,2019-11-06T15:03:00.276,16.480,-1.220,0.244,-0.793
1573070580286,2019-11-06T15:03:00.286,16.490,-1.220,0.488,-1.159
1573070580296,2019-11-06T15:03:00.296,16.500,-1.280,0.549,-1.463
1573070580306,2019-11-06T15:03:00.306,16.510,-1.159,0.488,-1.646
1573070580316,2019-11-06T15:03:00.316,16.520,-0.793,0.488,-1.524
1573070580326,2019-11-06T15:03:00.326,16.530,-0.305,0.366,-1.402
1573070580336,2019-11-06T15:03:00.336,16.540,-0.183,0.244,-1.220
1573070580346,2019-11-06T15:03:00.346,16.550,-0.427,0.000,-1.159
1573070580356,2019-11-06T15:03:00.356,16.560,-0.244,-0.061,-0.915
1573070580366,2019-11-06T15:03:00.366,16.570,0.244,-0.122,-0.610
1573070580376,2019-11-06T15:03:00.376,16.580,0.610,-0.488,-0.427
1573070580386,2019-11-06T15:03:00.386,16.590,0.915,-0.976,0.000
1573070580396,2019-11-06T15:03:00.396,16.600,0.488,-1.402,0.366
1573070580406,2019-11-06T15:03:00.406,16.610,-0.366,-1.646,0.366
1573070580416,2019-11-06T15:03:00.416,16.620,-0.854,-1.829,0.610
1573070580426,2019-11-06T15:03:00.426,16.630,-0.793,-1.890,0.976
1573070580436,2019-11-06T15:03:00.436,16.640,-0.488,-1.829,1.463
1573070580446,2019-11-06T15:03:00.446,16.650,-0.366,-1.707,1.707
1573070580456,2019-11-06T15:03:00.456,16.660,-0.427,-1.585,1.707
1573070580466,2019-11-06T15:03:00.466,16.670,-0.549,-1.646,1.524
1573070580476,2019-11-06T15:03:00.476,16.680,-0.305,-1.524,1.707
1573070580486,2019-11-06T15:03:00.486,16.690,-0.183,-1.280,2.317
1573070580496,2019-11-06T15:03:00.496,16.700,0.122,-0.976,2.988
1573070580506,2019-11-06T15:03:00.506,16.710,0.366,-0.793,3.354
1573070580516,2019-11-06T15:03:00.516,16.720,0.000,-0.793,2.561
1573070580526,2019-11-06T15:03:00.526,16.730,-0.793,-0.610,1.402
1573070580536,2019-11-06T15:03:00.536,16.740,-1.463,-0.305,0.427
1573070580546,2019-11-06T15:03:00.546,16.750,-1.585,-0.122,-0.061
1573070580556,2019-11-06T15:03:00.556,16.760,-1.463,0.000,-0.305
1573070580566,2019-11-06T15:03:00.566,16.770,-1.220,0.427,-0.427
1573070580576,2019-11-06T15:03:00.576,16.780,-0.976,0.549,-0.793
1573070580586,2019-11-06T15:03:00.586,16.790,-0.610,0.671,-1.037
1573070580596,2019-11-06T15:03:00.596,16.800,-0.244,0.671,-1.220
1573070580606,2019-11-06T15:03:00.606,16.810,-0.061,0.610,-1.159
1573070580616,2019-11-06T15:03:00.616,16.820,-0.183,0.610,-1.037
1573070580626,2019-11-06T15:03:00.626,16.830,-0.366,0.488,-0.854
1573070580636,2019-11-06T15:03:00.636,16.840,-0.610,0.366,-0.488
1573070580646,2019-11-06T15:03:00.646,16.850,-0.915,0.366,-0.183
1573070580656,2019-11-06T15:03:00.656,16.860,-0.854,0.305,0.122
1573070580666,2019-11-06T15:03:00.666,16.870,-0.854,0.183,0.305
1573070580676,2019-11-06T15:03:00.676,16.880,-0.793,0.061,0.793
1573070580686,2019-11-06T15:03:00.686,16.890,-0.549,-0.122,1.220
1573070580696,2019-11-06T15:03:00.696,16.900,-0.549,-0.061,1.524
1573070580706,2019-11-06T15:03:00.706,16.910,-0.549,0.000,1.341
1573070580716,2019-11-06T15:03:00.716,16.920,-0.366,0.183,1.280
1573070580726,2019-11-06T15:03:00.726,16.930,-0.305,0.244,1.159
1573070580736,2019-11-06T15:03:00.736,16.940,-0.366,0.244,1.220
1573070580746,2019-11-06T15:03:00.746,16.950,-0.305,0.244,1.402
1573070580756,2019-11-06T15:03:00.756,16.960,-0.061,0.244,1.524
1573070580766,2019-11-06T15:03:00.766,16.970,-0.305,0.122,1.707
1573070580776,2019-11-06T15:03:00.776,16.980,-0.488,0.122,1.707
1573070580786,2019-11-06T15:03:00.786,16.990,-0.488,0.122,1.463
1573070580796,2019-11-06T15:03:00.796,17.000,-0.549,0.000,1.220
1573070580806,2019-11-06T15:03:00.806,17.010,-0.305,-0.183,1.098
1573070580816,2019-11-06T15:03:00.816,17.020,0.061,-0.488,1.098
1573070580826,2019-11-06T15:03:00.826,17.030,0.244,-0.793,1.159
1573070580836,2019-11-06T15:03:00.836,17.040,0.427,-0.915,1.220
1573070580846,2019-11-06T15:03:00.846,17.050,0.427,-1.037,1.280
1573070580856,2019-11-06T15:03:00.856,17.060,0.366,-1.098,1.280
1573070580866,2019-11-06T15:03:00.866,17.070,0.366,-1.037,1.037
1573070580876,2019-11-06T15:03:00.876,17.080,0.305,-0.915,1.098
1573070580886,2019-11-06T15:03:00.886,17.090,0.549,-0.915,0.976
1573070580896,2019-11-06T15:03:00.896,17.100,0.915,-0.793,0.915
1573070580906,2019-11-06T15:03:00.906,17.110,0.976,-0.793,0.854
1573070580916,2019-11-06T15:03:00.916,17.120,0.549,-0.732,0.671
1573070580926,2019-11-06T15:03:00.926,17.130,0.732,-0.610,0.793
1573070580936,2019-11-06T15:03:00.936,17.140,1.220,-0.549,0.976
1573070580946,2019-11-06T15:03:00.946,17.150,1.280,-0.488,0.793
1573070580956,2019-11-06T15:03:00.956,17.160,1.341,-0.488,0.671
1573070580966,2019-11-06T15:03:00.966,17.170,0.854,-0.732,0.610
1573070580976,2019-11-06T15:03:00.976,17.180,-0.183,-0.793,0.366
1573070580986,2019-11-06T15:03:00.986,17.190,-0.915,-0.732,0.244
1573070580996,2019-11-06T15:03:00.996,17.200,-0.915,-0.671,0.488
1573070581006,2019-11-06T15:03:01.006,17.210,-0.671,-0.671,0.854
1573070581016,2019-11-06T15:03:01.016,17.220,-0.732,-0.671,0.915
1573070581026,2019-11-06T15:03:01.026,17.230,-0.732,-0.488,0.610
1573070581036,2019-11-06T15:03:01.036,17.240,-0.610,-0.366,0.305
1573070581046,2019-11-06T15:03:01.046,17.250,-0.244,-0.244,0.183
1573070581056,2019-11-06T15:03:01.056,17.260,0.122,-0.122,0.427
1573070581066,2019-11-06T15:03:01.066,17.270,0.427,0.000,0.671
1573070581076,2019-11-06T15:03:01.076,17.280,0.549,0.244,0.915
1573070581086,2019-11-06T15:03:01.086,17.290,0.549,0.305,1.098
1573070581096,2019-11-06T15:03:01.096,17.300,0.610,0.427,1.280
1573070581106,2019-11-06T15:03:01.106,17.310,0.671,0.488,1.585
1573070581116,2019-11-06T15:03:01.116,17.320,0.854,0.427,1.646
1573070581126,2019-11-06T15:03:01.126,17.330,1.220,0.305,1.646
1573070581136,2019-11-06T15:03:01.136,17.340,1.646,0.183,1.402
1573070581146,2019-11-06T15:03:01.146,17.350,1.951,0.061,1.159
1573070581156,2019-11-06T15:03:01.156,17.360,2.012,-0.244,0.976
1573070581166,2019-11-06T15:03:01.166,17.370,2.012,-0.366,0.671
1573070581176,2019-11-06T15:03:01.176,17.380,1.707,-0.671,0.366
1573070581186,2019-11-06T15:03:01.186,17.390,1.463,-0.976,0.183
1573070581196,2019-11-06T15:03:01.196,17.400,1.220,-1.159,0.061
1573070581206,2019-11-06T15:03:01.206,17.410,0.976,-1.341,0.244
1573070581216,2019-11-06T15:03:01.216,17.420,0.671,-1.402,0.183
1573070581226,2019-11-06T15:03:01.226,17.430,0.549,-1.280,0.122
1573070581236,2019-11-06T15:03:01.236,17.440,0.488,-1.220,0.366
1573070581246,2019-11-06T15:03:01.246,17.450,0.366,-1.220,0.610
1573070581256,2019-11-06T15:03:01.256,17.460,0.427,-1.098,0.732
1573070581266,2019-11-06T15:03:01.266,17.470,0.549,-0.976,0.610
1573070581276,2019-11-06T15:03:01.276,17.480,0.366,-0.854,0.427
1573070581286,2019-11-06T15:03:01.286,17.490,0.244,-0.610,0.305
1573070581296,2019-11-06T15:03:01.296,17.500,0.183,-0.305,0.244
1573070581306,2019-11-06T15:03:01.306,17.510,0.305,-0.122,0.366
1573070581316,2019-11-06T15:03:01.316,17.520,-0.061,0.061,0.549
1573070581326,2019-11-06T15:03:01.326,17.530,-0.366,0.305,0.610
1573070581336,2019-11-06T15:03:01.336,17.540,-0.610,0.549,0.732
1573070581346,2019-11-06T15:03:01.346,17.550,-0.854,0.793,0.793
1573070581356,2019-11-06T15:03:01.356,17.560,-0.915,0.793,0.976
1573070581366,2019-11-06T15:03:01.366,17.570,-0.793,0.732,1.524
1573070581376,2019-11-06T15:03:01.376,17.580,-0.305,0.732,2.012
1573070581386,2019-11-06T15:03:01.386,17.590,0.183,0.549,2.256
1573070581396,2019-11-06T15:03:01.396,17.600,0.488,0.183,2.500
1573070581406,2019-11-06T15:03:01.406,17.610,0.732,-0.061,2.500
1573070581416,2019-11-06T15:03:01.416,17.620,0.854,-0.244,2.561
1573070581426,2019-11-06T15:03:01.426,17.630,0.793,-0.305,2.500
1573070581436,2019-11-06T15:03:01.436,17.640,0.488,-0.366,2.378
1573070581446,2019-11-06T15:03:01.446,17.650,0.183,-0.366,2.012
1573070581456,2019-11-06T15:03:01.456,17.660,0.061,-0.366,1.524
1573070581466,2019-11-06T15:03:01.466,17.670,0.183,-0.305,0.915
1573070581476,2019-11-06T15:03:01.476,17.680,0.305,-0.183,0.793
1573070581486,2019-11-06T15:03:01.486,17.690,0.122,-0.183,0.732
1573070581496,2019-11-06T15:03:01.496,17.700,0.183,-0.061,0.854
1573070581506,2019-11-06T15:03:01.506,17.710,0.732,0.122,1.037
1573070581516,2019-11-06T15:03:01.516,17.720,1.159,0.122,0.732
1573070581526,2019-11-06T15:03:01.526,17.730,1.402,0.244,0.427
1573070581536,2019-11-06T15:03:01.536,17.740,1.280,0.122,0.549
1573070581546,2019-11-06T15:03:01.546,17.750,0.549,-0.061,0.427
1573070581556,2019-11-06T15:03:01.556,17.760,-0.061,-0.122,0.305
1573070581566,2019-11-06T15:03:01.566,17.770,-0.244,-0.061,0.305
1573070581576,2019-11-06T15:03:01.576,17.780,-0.244,-0.122,0.305
1573070581586,2019-11-06T15:03:01.586,17.790,-0.061,-0.122,0.427
1573070581596,2019-11-06T15:03:01.596,17.800,0.183,-0.244,0.488
1573070581606,2019-11-06T15:03:01.606,17.810,0.549,-0.305,0.366
1573070581616,2019-11-06T15:03:01.616,17.820,0.976,-0.427,0.061
1573070581626,2019-11-06T15:03:01.626,17.830,1.280,-0.305,-0.061
1573070581636,2019-11-06T15:03:01.636,17.840,1.341,-0.305,0.000
1573070581646,2019-11-06T15:03:01.646,17.850,1.402,-0.244,0.244
1573070581656,2019-11-06T15:03:01.656,17.860,1.220,-0.122,0.610
1573070581666,2019-11-06T15:03:01.666,17.870,1.098,0.000,0.915
1573070581676,2019-11-06T15:03:01.676,17.880,0.854,0.122,0.976
1573070581686,2019-11-06T15:03:01.686,17.890,0.854,0.122,0.854
1573070581696,2019-11-06T15:03:01.696,17.900,0.976,0.122,0.488
1573070581706,2019-11-06T15:03:01.706,17.910,1.341,0.122,0.183
1573070581716,2019-11-06T15:03:01.716,17.920,1.463,0.061,-0.061
1573070581726,2019-11-06T15:03:01.726,17.930,1.524,0.000,-0.122
1573070581736,2019-11-06T15:03:01.736,17.940,1.585,-0.061,-0.061
1573070581746,2019-11-06T15:03:01.746,17.950,1.463,-0.061,-0.122
1573070581756,2019-11-06T15:03:01.756,17.960,1.037,-0.244,-0.061
1573070581766,2019-11-06T15:03:01.766,17.970,0.610,-0.244,-0.061
1573070581776,2019-11-06T15:03:01.776,17.980,0.427,-0.244,0.122
1573070581786,2019-11-06T15:03:01.786,17.990,0.427,-0.183,0.366
1573070581796,2019-11-06T15:03:01.796,18.000,0.610,-0.244,0.915
1573070581806,2019-11-06T15:03:01.806,18.010,0.793,-0.183,1.402
1573070581816,2019-11-06T15:03:01.816,18.020,0.854,-0.122,1.829
1573070581826,2019-11-06T15:03:01.826,18.030,1.098,0.000,2.317
1573070581836,2019-11-06T15:03:01.836,18.040,1.280,0.122,2.744
1573070581846,2019-11-06T15:03:01.846,18.050,1.585,0.366,3.720
1573070581856,2019-11-06T15:03:01.856,18.060,1.890,0.549,5.000
1573070581866,2019-11-06T15:03:01.866,18.070,2.317,0.488,6.524
1573070581876,2019-11-06T15:03:01.876,18.080,2.683,0.732,8.537
1573070581886,2019-11-06T15:03:01.886,18.090,3.476,0.854,11.037
1573070581896,2019-11-06T15:03:01.896,18.100,4.390,0.793,14.024
1573070581906,2019-11-06T15:03:01.906,18.110,5.305,0.854,17.622
1573070581916,2019-11-06T15:03:01.916,18.120,6.707,0.793,21.585
1573070581926,2019-11-06T15:03:01.926,18.130,8.476,0.671,25.915
1573070581936,2019-11-06T15:03:01.936,18.140,10.305,0.488,29.939
1573070581946,2019-11-06T15:03:01.946,18.150,11.220,0.732,33.232
1573070581956,2019-11-06T15:03:01.956,18.160,12.073,1.098,35.732
1573070581966,2019-11-06T15:03:01.966,18.170,13.049,1.220,37.988
1573070581976,2019-11-06T15:03:01.976,18.180,13.659,1.341,40.671
1573070581986,2019-11-06T15:03:01.986,18.190,14.939,1.646,44.085
1573070581996,2019-11-06T15:03:01.996,18.200,16.585,1.585,48.171
1573070582006,2019-11-06T15:03:02.006,18.210,18.415,1.524,52.866
1573070582016,2019-11-06T15:03:02.016,18.220,20.427,1.768,57.866
1573070582026,2019-11-06T15:03:02.026,18.230,21.829,2.134,61.341
1573070582036,2019-11-06T15:03:02.036,18.240,22.134,2.256,62.317
1573070582046,2019-11-06T15:03:02.046,18.250,21.402,2.622,62.256
1573070582056,2019-11-06T15:03:02.056,18.260,20.976,3.293,62.134
1573070582066,2019-11-06T15:03:02.066,18.270,20.976,3.659,62.622
1573070582076,2019-11-06T15:03:02.076,18.280,20.976,3.841,63.476
1573070582086,2019-11-06T15:03:02.086,18.290,21.585,4.085,65.183
1573070582096,2019-11-06T15:03:02.096,18.300,22.378,4.146,66.585
1573070582106,2019-11-06T15:03:02.106,18.310,22.134,4.207,65.976
1573070582116,2019-11-06T15:03:02.116,18.320,21.402,4.512,63.963
1573070582126,2019-11-06T15:03:02.126,18.330,20.793,4.390,61.890
1573070582136,2019-11-06T15:03:02.136,18.340,19.756,4.329,59.878
1573070582146,2019-11-06T15:03:02.146,18.350,18.963,4.207,58.598
1573070582156,2019-11-06T15:03:02.156,18.360,18.902,4.146,58.537
1573070582166,2019-11-06T15:03:02.166,18.370,18.720,4.268,58.902
1573070582176,2019-11-06T15:03:02.176,18.380,18.476,4.451,59.146
1573070582186,2019-11-06T15:03:02.186,18.390,17.988,4.817,58.963
1573070582196,2019-11-06T15:03:02.196,18.400,17.256,5.183,58.659
1573070582206,2019-11-06T15:03:02.206,18.410,16.707,5.122,58.841
1573070582216,2019-11-06T15:03:02.216,18.420,17.073,4.939,59.756
1573070582226,2019-11-06T15:03:02.226,18.430,17.988,4.268,60.549
1573070582236,2019-11-06T15:03:02.236,18.440,18.963,3.537,61.585
1573070582246,2019-11-06T15:03:02.246,18.450,19.695,3.110,62.439
1573070582256,2019-11-06T15:03:02.256,18.460,20.000,2.256,62.866
1573070582266,2019-11-06T15:03:02.266,18.470,20.366,1.159,63.415
1573070582276,2019-11-06T15:03:02.276,18.480,21.159,-0.122,64.878
1573070582286,2019-11-06T15:03:02.286,18.490,22.927,-1.463,67.805
1573070582296,2019-11-06T15:03:02.296,18.500,25.305,-3.110,71.890
1573070582306,2019-11-06T15:03:02.306,18.510,28.049,-4.146,75.610
1573070582316,2019-11-06T15:03:02.316,18.520,29.390,-4.573,76.585
1573070582326,2019-11-06T15:03:02.326,18.530,29.085,-5.000,75.366
1573070582336,2019-11-06T15:03:02.336,18.540,28.841,-5.854,73.902
1573070582346,2019-11-06T15:03:02.346,18.550,30.366,-6.585,74.756
1573070582356,2019-11-06T15:03:02.356,18.560,30.671,-6.829,76.463
1573070582366,2019-11-06T15:03:02.366,18.570,31.159,-6.585,78.110
1573070582376,2019-11-06T15:03:02.376,18.580,31.768,-6.220,79.268
1573070582386,2019-11-06T15:03:02.386,18.590,31.098,-5.915,80.671
1573070582396,2019-11-06T15:03:02.396,18.600,31.098,-4.817,82.256
1573070582406,2019-11-06T15:03:02.406,18.610,31.829,-3.476,82.073
1573070582416,2019-11-06T15:03:02.416,18.620,30.976,-2.805,80.000
1573070582426,2019-11-06T15:03:02.426,18.630,29.268,-2.134,77.622
1573070582436,2019-11-06T15:03:02.436,18.640,27.439,-1.585,73.963
1573070582446,2019-11-06T15:03:02.446,18.650,26.280,-0.793,69.573
1573070582456,2019-11-06T15:03:02.456,18.660,24.573,-0.183,65.000
1573070582466,2019-11-06T15:03:02.466,18.670,22.744,0.122,60.305
1573070582476,2019-11-06T15:03:02.476,18.680,21.463,0.732,56.098
1573070582486,2019-11-06T15:03:02.486,18.690,19.817,1.220,51.829
1573070582496,2019-11-06T15:03:02.496,18.700,18.049,1.524,48.049
1573070582506,2019-11-06T15:03:02.506,18.710,16.524,1.890,45.000
1573070582516,2019-11-06T15:03:02.516,18.720,14.146,2.195,41.829
1573070582526,2019-11-06T15:03:02.526,18.730,12.256,2.500,38.963
1573070582536,2019-11-06T15:03:02.536,18.740,11.098,2.927,36.402
1573070582546,2019-11-06T15:03:02.546,18.750,9.695,3.415,34.085
1573070582556,2019-11-06T15:03:02.556,18.760,8.659,3.598,31.890
1573070582566,2019-11-06T15:03:02.566,18.770,7.988,3.902,29.695
1573070582576,2019-11-06T15:03:02.576,18.780,6.951,4.146,27.500
1573070582586,2019-11-06T15:03:02.586,18.790,6.890,4.024,26.098
1573070582596,2019-11-06T15:03:02.596,18.800,7.012,3.841,25.488
1573070582606,2019-11-06T15:03:02.606,18.810,6.646,4.146,25.183
1573070582616,2019-11-06T15:03:02.616,18.820,6.524,4.573,25.244
1573070582626,2019-11-06T15:03:02.626,18.830,6.220,5.610,26.098
1573070582636,2019-11-06T15:03:02.636,18.840,6.707,6.768,28.537
1573070582646,2019-11-06T15:03:02.646,18.850,6.829,8.415,31.037
1573070582656,2019-11-06T15:03:02.656,18.860,7.866,10.183,32.500
1573070582666,2019-11-06T15:03:02.666,18.870,9.085,11.463,32.927
1573070582676,2019-11-06T15:03:02.676,18.880,7.500,12.683,30.915
1573070582686,2019-11-06T15:03:02.686,18.890,5.366,14.634,27.622
1573070582696,2019-11-06T15:03:02.696,18.900,5.061,17.134,25.610
1573070582706,2019-11-06T15:03:02.706,18.910,5.000,19.329,24.085
1573070582716,2019-11-06T15:03:02.716,18.920,4.024,21.280,22.439
1573070582726,2019-11-06T15:03:02.726,18.930,2.134,23.293,20.183
1573070582736,2019-11-06T15:03:02.736,18.940,0.122,25.305,17.622
1573070582746,2019-11-06T15:03:02.746,18.950,-1.341,27.256,15.366
1573070582756,2019-11-06T15:03:02.756,18.960,-2.561,28.841,13.110
1573070582766,2019-11-06T15:03:02.766,18.970,-4.085,29.756,10.244
1573070582776,2019-11-06T15:03:02.776,18.980,-5.244,30.610,7.500
1573070582786,2019-11-06T15:03:02.786,18.990,-6.402,31.220,4.878
1573070582796,2019-11-06T15:03:02.796,19.000,-7.500,31.646,2.134
1573070582806,2019-11-06T15:03:02.806,19.010,-8.293,31.768,-0.610
1573070582816,2019-11-06T15:03:02.816,19.020,-8.780,31.768,-3.293
1573070582826,2019-11-06T15:03:02.826,19.030,-9.085,31.768,-5.610
1573070582836,2019-11-06T15:03:02.836,19.040,-9.512,31.524,-7.561
1573070582846,2019-11-06T15:03:02.846,19.050,-9.573,31.098,-9.329
1573070582856,2019-11-06T15:03:02.856,19.060,-9.634,30.488,-11.220
1573070582866,2019-11-06T15:03:02.866,19.070,-9.268,29.695,-12.866
1573070582876,2019-11-06T15:03:02.876,19.080,-8.354,28.841,-14.085
1573070582886,2019-11-06T15:03:02.886,19.090,-7.378,27.927,-15.061
1573070582896,2019-11-06T15:03:02.896,19.100,-6.951,26.707,-16.037
1573070582906,2019-11-06T15:03:02.906,19.110,-6.646,25.610,-16.829
1573070582916,2019-11-06T15:03:02.916,19.120,-6.341,24.451,-17.195
1573070582926,2019-11-06T15:03:02.926,19.130,-5.793,23.476,-16.463
1573070582936,2019-11-06T15:03:02.936,19.140,-5.488,22.805,-15.915
1573070582946,2019-11-06T15:03:02.946,19.150,-5.732,22.195,-15.793
1573070582956,2019-11-06T15:03:02.956,19.160,-6.037,21.707,-15.366
1573070582966,2019-11-06T15:03:02.966,19.170,-6.159,21.463,-14.512
1573070582976,2019-11-06T15:03:02.976,19.180,-6.524,21.159,-13.780
1573070582986,2019-11-06T15:03:02.986,19.190,-6.768,21.159,-12.622
1573070582996,2019-11-06T15:03:02.996,19.200,-6.829,21.585,-11.646
1573070583006,2019-11-06T15:03:03.006,19.210,-7.622,22.012,-11.829
1573070583016,2019-11-06T15:03:03.016,19.220,-8.537,22.561,-12.073
1573070583026,2019-11-06T15:03:03.026,19.230,-8.476,23.415,-11.707
1573070583036,2019-11-06T15:03:03.036,19.240,-8.049,24.512,-11.220
1573070583046,2019-11-06T15:03:03.046,19.250,-8.476,25.793,-11.463
1573070583056,2019-11-06T15:03:03.056,19.260,-8.659,27.073,-11.768
1573070583066,2019-11-06T15:03:03.066,19.270,-8.659,28.720,-11.829
1573070583076,2019-11-06T15:03:03.076,19.280,-8.720,30.305,-12.012
1573070583086,2019-11-06T15:03:03.086,19.290,-9.085,31.890,-12.439
1573070583096,2019-11-06T15:03:03.096,19.300,-9.512,33.659,-12.622
1573070583106,2019-11-06T15:03:03.106,19.310,-9.817,35.427,-12.317
1573070583116,2019-11-06T15:03:03.116,19.320,-10.427,37.195,-12.317
1573070583126,2019-11-06T15:03:03.126,19.330,-11.341,38.902,-12.378
1573070583136,2019-11-06T15:03:03.136,19.340,-12.073,40.610,-11.829
1573070583146,2019-11-06T15:03:03.146,19.350,-12.317,42.378,-10.793
1573070583156,2019-11-06T15:03:03.156,19.360,-12.744,43.780,-9.878
1573070583166,2019-11-06T15:03:03.166,19.370,-13.598,45.122,-8.902
1573070583176,2019-11-06T15:03:03.176,19.380,-14.390,46.280,-7.866
1573070583186,2019-11-06T15:03:03.186,19.390,-14.634,47.195,-6.768
1573070583196,2019-11-06T15:03:03.196,19.400,-14.329,47.805,-5.793
1573070583206,2019-11-06T15:03:03.206,19.410,-13.598,48.415,-5.244
1573070583216,2019-11-06T15:03:03.216,19.420,-13.415,48.841,-4.695
1573070583226,2019-11-06T15:03:03.226,19.430,-13.110,49.024,-3.902
1573070583236,2019-11-06T15:03:03.236,19.440,-12.744,49.573,-3.110
1573070583246,2019-11-06T15:03:03.246,19.450,-13.232,50.122,-2.866
1573070583256,2019-11-06T15:03:03.256,19.460,-13.293,49.817,-2.500
1573070583266,2019-11-06T15:03:03.266,19.470,-12.744,48.780,-1.646
1573070583276,2019-11-06T15:03:03.276,19.480,-12.683,47.622,-0.488
1573070583286,2019-11-06T15:03:03.286,19.490,-13.293,47.134,0.732
1573070583296,2019-11-06T15:03:03.296,19.500,-13.110,46.402,2.073
1573070583306,2019-11-06T15:03:03.306,19.510,-12.805,45.366,3.049
1573070583316,2019-11-06T15:03:03.316,19.520,-13.049,44.573,3.659
1573070583326,2019-11-06T15:03:03.326,19.530,-13.049,43.659,4.573
1573070583336,2019-11-06T15:03:03.336,19.540,-12.561,42.378,5.610
1573070583346,2019-11-06T15:03:03.346,19.550,-12.073,40.793,6.220
1573070583356,2019-11-06T15:03:03.356,19.560,-11.585,39.207,6.890
1573070583366,2019-11-06T15:03:03.366,19.570,-11.098,37.317,6.890
1573070583376,2019-11-06T15:03:03.376,19.580,-10.488,35.488,6.951
1573070583386,2019-11-06T15:03:03.386,19.590,-9.512,33.598,7.683
1573070583396,2019-11-06T15:03:03.396,19.600,-9.085,31.524,7.988
1573070583406,2019-11-06T15:03:03.406,19.610,-8.963,29.390,7.744
1573070583416,2019-11-06T15:03:03.416,19.620,-8.476,27.317,7.683
1573070583426,2019-11-06T15:03:03.426,19.630,-7.622,25.366,7.805
1573070583436,2019-11-06T15:03:03.436,19.640,-7.317,23.537,7.561
1573070583446,2019-11-06T15:03:03.446,19.650,-7.012,21.646,7.195
1573070583456,2019-11-06T15:03:03.456,19.660,-6.646,19.817,7.073
1573070583466,2019-11-06T15:03:03.466,19.670,-6.159,18.049,6.646
1573070583476,2019-11-06T15:03:03.476,19.680,-5.854,16.341,6.098
1573070583486,2019-11-06T15:03:03.486,19.690,-5.854,14.878,5.427
1573070583496,2019-11-06T15:03:03.496,19.700,-5.610,13.476,4.695
1573070583506,2019-11-06T15:03:03.506,19.710,-5.244,12.195,4.085
1573070583516,2019-11-06T15:03:03.516,19.720,-4.756,11.098,3.537
1573070583526,2019-11-06T15:03:03.526,19.730,-4.390,9.878,2.683
1573070583536,2019-11-06T15:03:03.536,19.740,-4.268,9.024,1.585
1573070583546,2019-11-06T15:03:03.546,19.750,-3.963,8.110,0.854
1573070583556,2019-11-06T15:03:03.556,19.760,-3.537,7.378,-0.244
1573070583566,2019-11-06T15:03:03.566,19.770,-3.171,6.585,-1.341
1573070583576,2019-11-06T15:03:03.576,19.780,-2.744,5.976,-2.134
1573070583586,2019-11-06T15:03:03.586,19.790,-2.988,5.366,-3.049
1573070583596,2019-11-06T15:03:03.596,19.800,-3.293,4.817,-3.841
1573070583606,2019-11-06T15:03:03.606,19.810,-3.354,4.085,-4.207
1573070583616,2019-11-06T15:03:03.616,19.820,-3.537,3.354,-4.451
1573070583626,2019-11-06T15:03:03.626,19.830,-3.659,2.744,-4.451
1573070583636,2019-11-06T15:03:03.636,19.840,-3.476,2.073,-4.512
1573070583646,2019-11-06T15:03:03.646,19.850,-3.841,1.829,-4.573
1573070583656,2019-11-06T15:03:03.656,19.860,-4.451,1.524,-4.390
1573070583666,2019-11-06T15:03:03.666,19.870,-5.000,1.280,-3.476
1573070583676,2019-11-06T15:03:03.676,19.880,-5.488,1.159,-2.378
1573070583686,2019-11-06T15:03:03.686,19.890,-5.549,1.220,-1.037
1573070583696,2019-11-06T15:03:03.696,19.900,-5.183,1.585,0.549
1573070583706,2019-11-06T15:03:03.706,19.910,-4.390,1.707,2.256
1573070583716,2019-11-06T15:03:03.716,19.920,-3.049,1.890,4.085
1573070583726,2019-11-06T15:03:03.726,19.930,-2.073,2.012,5.244
1573070583736,2019-11-06T15:03:03.736,19.940,-1.646,1.951,6.220
1573070583746,2019-11-06T15:03:03.746,19.950,-0.854,1.890,6.829
1573070583756,2019-11-06T15:03:03.756,19.960,-0.183,2.134,7.134
1573070583766,2019-11-06T15:03:03.766,19.970,-0.244,2.439,7.073
1573070583776,2019-11-06T15:03:03.776,19.980,-0.244,2.805,6.646
1573070583786,2019-11-06T15:03:03.786,19.990,0.122,3.354,6.220
1573070583796,2019-11-06T15:03:03.796,20.000,0.122,4.024,5.427
1573070583806,2019-11-06T15:03:03.806,20.010,-0.244,4.634,4.207
1573070583816,2019-11-06T15:03:03.816,20.020,-0.183,4.939,3.232
1573070583826,2019-11-06T15:03:03.826,20.030,-0.366,5.244,2.561
1573070583836,2019-11-06T15:03:03.836,20.040,-0.915,5.549,1.402
1573070583846,2019-11-06T15:03:03.846,20.050,-1.585,5.915,0.244
1573070583856,2019-11-06T15:03:03.856,20.060,-1.951,6.037,-0.976
1573070583866,2019-11-06T15:03:03.866,20.070,-2.012,6.159,-1.585
1573070583876,2019-11-06T15:03:03.876,20.080,-2.317,5.915,-2.195
1573070583886,2019-11-06T15:03:03.886,20.090,-2.622,5.549,-2.866
1573070583896,2019-11-06T15:03:03.896,20.100,-2.622,4.878,-3.598
1573070583906,2019-11-06T15:03:03.906,20.110,-2.622,4.390,-4.207
1573070583916,2019-11-06T15:03:03.916,20.120,-2.134,3.537,-4.878
1573070583926,2019-11-06T15:03:03.926,20.130,-1.280,3.049,-5.366
1573070583936,2019-11-06T15:03:03.936,20.140,-0.122,2.805,-5.793
1573070583946,2019-11-06T15:03:03.946,20.150,0.610,2.744,-6.341
1573070583956,2019-11-06T15:03:03.956,20.160,0.671,2.744,-6.829
1573070583966,2019-11-06T15:03:03.966,20.170,0.305,2.317,-7.073
1573070583976,2019-11-06T15:03:03.976,20.180,0.061,1.524,-7.256
1573070583986,2019-11-06T15:03:03.986,20.190,0.427,1.037,-7.256
1573070583996,2019-11-06T15:03:03.996,20.200,0.244,1.037,-7.073
1573070584006,2019-11-06T15:03:04.006,20.210,-0.183,1.220,-7.073
1573070584016,2019-11-06T15:03:04.016,20.220,0.122,1.159,-6.707
1573070584026,2019-11-06T15:03:04.026,20.230,0.427,0.793,-6.280
1573070584036,2019-11-06T15:03:04.036,20.240,0.183,0.549,-6.341
1573070584046,2019-11-06T15:03:04.046,20.250,-0.061,0.366,-6.463
1573070584056,2019-11-06T15:03:04.056,20.260,-0.061,0.122,-6.646
1573070584066,2019-11-06T15:03:04.066,20.270,0.122,-0.122,-6.768
1573070584076,2019-11-06T15:03:04.076,20.280,0.366,-0.488,-6.768
1573070584086,2019-11-06T15:03:04.086,20.290,0.549,-0.732,-6.646
1573070584096,2019-11-06T15:03:04.096,20.300,1.159,-0.915,-6.159
1573070584106,2019-11-06T15:03:04.106,20.310,1.037,-0.854,-5.610
1573070584116,2019-11-06T15:03:04.116,20.320,0.793,-0.854,-5.366
1573070584126,2019-11-06T15:03:04.126,20.330,1.159,-0.793,-4.695
1573070584136,2019-11-06T15:03:04.136,20.340,1.646,-0.671,-4.024
1573070584146,2019-11-06T15:03:04.146,20.350,1.768,-0.610,-3.659
1573070584156,2019-11-06T15:03:04.156,20.360,1.829,-0.488,-3.415
1573070584166,2019-11-06T15:03:04.166,20.370,1.829,-0.427,-3.293
1573070584176,2019-11-06T15:03:04.176,20.380,2.073,-0.549,-3.171
1573070584186,2019-11-06T15:03:04.186,20.390,2.195,-0.793,-3.171
1573070584196,2019-11-06T15:03:04.196,20.400,2.012,-1.098,-3.232
1573070584206,2019-11-06T15:03:04.206,20.410,1.768,-1.280,-3.476
1573070584216,2019-11-06T15:03:04.216,20.420,1.524,-1.585,-3.720
1573070584226,2019-11-06T15:03:04.226,20.430,1.707,-1.890,-3.902
1573070584236,2019-11-06T15:03:04.236,20.440,1.585,-2.256,-4.451
1573070584246,2019-11-06T15:03:04.246,20.450,1.037,-2.378,-4.695
1573070584256,2019-11-06T15:03:04.256,20.460,0.610,-2.317,-5.061
1573070584266,2019-11-06T15:03:04.266,20.470,0.366,-2.073,-5.244
1573070584276,2019-11-06T15:03:04.276,20.480,-0.183,-2.012,-5.488
1573070584286,2019-11-06T15:03:04.286,20.490,-0.793,-2.012,-5.610
1573070584296,2019-11-06T15:03:04.296,20.500,-1.220,-2.134,-5.671
1573070584306,2019-11-06T15:03:04.306,20.510,-1.341,-2.683,-5.549
1573070584316,2019-11-06T15:03:04.316,20.520,-1.463,-2.805,-5.244
1573070584326,2019-11-06T15:03:04.326,20.530,-1.768,-2.744,-4.756
1573070584336,2019-11-06T15:03:04.336,20.540,-1.280,-3.049,-4.329
1573070584346,2019-11-06T15:03:04.346,20.550,-1.341,-3.232,-4.390
1573070584356,2019-11-06T15:03:04.356,20.560,-1.707,-3.110,-4.329
1573070584366,2019-11-06T15:03:04.366,20.570,-1.341,-3.049,-3.902
1573070584376,2019-11-06T15:03:04.376,20.580,-0.854,-2.866,-3.415
1573070584386,2019-11-06T15:03:04.386,20.590,-0.488,-2.561,-2.988
1573070584396,2019-11-06T15:03:04.396,20.600,-0.610,-2.073,-2.866
1573070584406,2019-11-06T15:03:04.406,20.610,-0.610,-1.524,-2.622
1573070584416,2019-11-06T15:03:04.416,20.620,-0.183,-1.098,-2.378
1573070584426,2019-11-06T15:03:04.426,20.630,0.122,-0.671,-2.256
1573070584436,2019-11-06T15:03:04.436,20.640,-0.061,-0.732,-2.561
1573070584446,2019-11-06T15:03:04.446,20.650,-0.061,-0.976,-3.110
1573070584456,2019-11-06T15:03:04.456,20.660,0.122,-1.159,-3.354
1573070584466,2019-11-06T15:03:04.466,20.670,0.671,-1.585,-3.171
1573070584476,2019-11-06T15:03:04.476,20.680,0.793,-2.317,-3.354
1573070584486,2019-11-06T15:03:04.486,20.690,0.549,-2.927,-3.780
1573070584496,2019-11-06T15:03:04.496,20.700,0.610,-3.415,-3.902
1573070584506,2019-11-06T15:03:04.506,20.710,0.793,-3.780,-3.659
1573070584516,2019-11-06T15:03:04.516,20.720,0.671,-4.146,-3.780
1573070584526,2019-11-06T15:03:04.526,20.730,0.671,-4.451,-3.841
1573070584536,2019-11-06T15:03:04.536,20.740,1.037,-4.512,-3.537
1573070584546,2019-11-06T15:03:04.546,20.750,1.220,-4.634,-3.354
1573070584556,2019-11-06T15:03:04.556,20.760,1.280,-4.634,-3.293
1573070584566,2019-11-06T15:03:04.566,20.770,1.341,-4.756,-2.927
1573070584576,2019-11-06T15:03:04.576,20.780,1.463,-4.878,-2.561
1573070584586,2019-11-06T15:03:04.586,20.790,1.524,-4.939,-2.439
1573070584596,2019-11-06T15:03:04.596,20.800,1.524,-4.695,-2.195
1573070584606,2019-11-06T15:03:04.606,20.810,1.402,-4.512,-2.073
1573070584616,2019-11-06T15:03:04.616,20.820,1.098,-4.573,-2.195
1573070584626,2019-11-06T15:03:04.626,20.830,0.732,-4.451,-2.256
1573070584636,2019-11-06T15:03:04.636,20.840,0.610,-4.207,-2.195
1573070584646,2019-11-06T15:03:04.646,20.850,0.549,-3.902,-2.439
1573070584656,2019-11-06T15:03:04.656,20.860,0.366,-3.841,-2.561
1573070584666,2019-11-06T15:03:04.666,20.870,0.488,-3.720,-2.439
1573070584676,2019-11-06T15:03:04.676,20.880,0.671,-3.598,-2.378
1573070584686,2019-11-06T15:03:04.686,20.890,0.671,-3.415,-2.317
1573070584696,2019-11-06T15:03:04.696,20.900,0.366,-3.171,-2.378
1573070584706,2019-11-06T15:03:04.706,20.910,0.122,-2.988,-2.195
1573070584716,2019-11-06T15:03:04.716,20.920,-0.122,-2.622,-2.073
1573070584726,2019-11-06T15:03:04.726,20.930,-0.671,-2.439,-2.073
1573070584736,2019-11-06T15:03:04.736,20.940,-1.098,-2.378,-1.951
1573070584746,2019-11-06T15:03:04.746,20.950,-1.098,-2.317,-1.768
1573070584756,2019-11-06T15:03:04.756,20.960,-0.976,-2.317,-1.585
1573070584766,2019-11-06T15:03:04.766,20.970,-0.366,-2.073,-1.159
1573070584776,2019-11-06T15:03:04.776,20.980,-0.061,-1.829,-0.854
1573070584786,2019-11-06T15:03:04.786,20.990,-0.793,-1.646,-0.671
1573070584796,2019-11-06T15:03:04.796,21.000,-1.341,-1.585,-0.427
1573070584806,2019-11-06T15:03:04.806,21.010,-1.829,-1.402,-0.671
1573070584816,2019-11-06T15:03:04.816,21.020,-2.256,-1.220,-0.732
1573070584826,2019-11-06T15:03:04.826,21.030,-2.195,-1.037,-0.610
1573070584836,2019-11-06T15:03:04.836,21.040,-2.256,-0.915,-0.793
1573070584846,2019-11-06T15:03:04.846,21.050,-2.500,-0.671,-1.098
1573070584856,2019-11-06T15:03:04.856,21.060,-2.561,-0.427,-0.915
1573070584866,2019-11-06T15:03:04.866,21.070,-2.561,-0.793,-0.976
1573070584876,2019-11-06T15:03:04.876,21.080,-2.622,-1.341,-1.463
1573070584886,2019-11-06T15:03:04.886,21.090,-2.561,-1.585,-1.463
1573070584896,2019-11-06T15:03:04.896,21.100,-2.561,-1.220,-1.037
1573070584906,2019-11-06T15:03:04.906,21.110,-2.012,-1.463,-0.793
1573070584916,2019-11-06T15:03:04.916,21.120,-0.976,-2.256,-0.549
1573070584926,2019-11-06T15:03:04.926,21.130,-0.671,-2.256,-0.366
1573070584936,2019-11-06T15:03:04.936,21.140,-1.220,-2.073,-0.427
1573070584946,2019-11-06T15:03:04.946,21.150,-1.707,-1.829,-0.610
1573070584956,2019-11-06T15:03:04.956,21.160,-2.012,-1.463,-0.854
1573070584966,2019-11-06T15:03:04.966,21.170,-2.134,-1.341,-1.098
1573070584976,2019-11-06T15:03:04.976,21.180,-2.134,-1.220,-1.646
1573070584986,2019-11-06T15:03:04.986,21.190,-2.195,-1.220,-2.439
1573070584996,2019-11-06T15:03:04.996,21.200,-2.134,-1.585,-3.110
1573070585006,2019-11-06T15:03:05.006,21.210,-1.951,-2.134,-3.720
1573070585016,2019-11-06T15:03:05.016,21.220,-1.280,-2.622,-3.841
1573070585026,2019-11-06T15:03:05.026,21.230,-0.793,-2.866,-3.963
1573070585036,2019-11-06T15:03:05.036,21.240,-0.854,-3.110,-4.146
1573070585046,2019-11-06T15:03:05.046,21.250,-0.793,-3.415,-4.207
1573070585056,2019-11-06T15:03:05.056,21.260,-0.854,-3.720,-4.268
1573070585066,2019-11-06T15:03:05.066,21.270,-0.854,-3.963,-4.146
1573070585076,2019-11-06T15:03:05.076,21.280,-0.488,-4.329,-4.024
1573070585086,2019-11-06T15:03:05.086,21.290,-0.244,-4.756,-3.963
1573070585096,2019-11-06T15:03:05.096,21.300,-0.061,-5.000,-3.963
1573070585106,2019-11-06T15:03:05.106,21.310,0.366,-4.878,-3.841
1573070585116,2019-11-06T15:03:05.116,21.320,0.488,-4.817,-3.659
1573070585126,2019-11-06T15:03:05.126,21.330,0.732,-4.817,-3.232
1573070585136,2019-11-06T15:03:05.136,21.340,0.854,-4.817,-2.866
1573070585146,2019-11-06T15:03:05.146,21.350,0.793,-4.817,-2.744
1573070585156,2019-11-06T15:03:05.156,21.360,0.732,-4.756,-2.744
1573070585166,2019-11-06T15:03:05.166,21.370,0.610,-4.451,-2.744
1573070585176,2019-11-06T15:03:05.176,21.380,0.244,-4.268,-2.744
1573070585186,2019-11-06T15:03:05.186,21.390,0.183,-4.329,-2.683
1573070585196,2019-11-06T15:03:05.196,21.400,0.244,-4.329,-2.622
1573070585206,2019-11-06T15:03:05.206,21.410,0.061,-4.024,-2.561
1573070585216,2019-11-06T15:03:05.216,21.420,0.061,-3.659,-2.622
1573070585226,2019-11-06T15:03:05.226,21.430,0.244,-3.354,-2.378
1573070585236,2019-11-06T15:03:05.236,21.440,0.366,-3.232,-2.134
1573070585246,2019-11-06T15:03:05.246,21.450,0.488,-2.927,-1.707
1573070585256,2019-11-06T15:03:05.256,21.460,0.732,-2.500,-1.341
1573070585266,2019-11-06T15:03:05.266,21.470,0.915,-2.195,-1.280
1573070585276,2019-11-06T15:03:05.276,21.480,0.976,-1.890,-1.585
1573070585286,2019-11-06T15:03:05.286,21.490,0.915,-1.585,-1.768
1573070585296,2019-11-06T15:03:05.296,21.500,1.098,-1.341,-1.524
1573070585306,2019-11-06T15:03:05.306,21.510,1.280,-1.280,-1.463
1573070585316,2019-11-06T15:03:05.316,21.520,1.524,-1.159,-1.646
1573070585326,2019-11-06T15:03:05.326,21.530,1.280,-0.915,-1.646
1573070585336,2019-11-06T15:03:05.336,21.540,1.098,-0.549,-1.341
1573070585346,2019-11-06T15:03:05.346,21.550,0.976,-0.305,-1.220
1573070585356,2019-11-06T15:03:05.356,21.560,0.671,-0.061,-1.159
1573070585366,2019-11-06T15:03:05.366,21.570,0.488,0.061,-0.976
1573070585376,2019-11-06T15:03:05.376,21.580,0.305,0.244,-0.610
1573070585386,2019-11-06T15:03:05.386,21.590,-0.061,0.488,-0.488
1573070585396,2019-11-06T15:03:05.396,21.600,-0.366,0.549,-0.488
1573070585406,2019-11-06T15:03:05.406,21.610,-0.305,0.732,-0.427
1573070585416,2019-11-06T15:03:05.416,21.620,-0.671,0.915,-0.061
1573070585426,2019-11-06T15:03:05.426,21.630,-0.854,1.341,0.305
1573070585436,2019-11-06T15:03:05.436,21.640,-0.854,1.585,0.610
1573070585446,2019-11-06T15:03:05.446,21.650,-1.037,1.280,0.427
1573070585456,2019-11-06T15:03:05.456,21.660,-1.098,0.976,0.549
1573070585466,2019-11-06T15:03:05.466,21.670,-0.793,1.037,1.524
1573070585476,2019-11-06T15:03:05.476,21.680,-0.427,0.854,2.378
1573070585486,2019-11-06T15:03:05.486,21.690,-0.549,0.976,2.622
1573070585496,2019-11-06T15:03:05.496,21.700,-1.220,1.402,2.073
1573070585506,2019-11-06T15:03:05.506,21.710,-1.768,2.256,1.524
1573070585516,2019-11-06T15:03:05.516,21.720,-1.951,2.744,1.280
1573070585526,2019-11-06T15:03:05.526,21.730,-1.585,2.988,1.159
1573070585536,2019-11-06T15:03:05.536,21.740,-1.402,3.171,0.915
1573070585546,2019-11-06T15:03:05.546,21.750,-1.341,3.354,0.549
1573070585556,2019-11-06T15:03:05.556,21.760,-0.915,3.537,0.549
1573070585566,2019-11-06T15:03:05.566,21.770,-0.488,3.537,0.793
1573070585576,2019-11-06T15:03:05.576,21.780,-0.427,3.659,0.854
1573070585586,2019-11-06T15:03:05.586,21.790,-0.366,3.537,1.037
1573070585596,2019-11-06T15:03:05.596,21.800,-0.244,3.415,1.402
1573070585606,2019-11-06T15:03:05.606,21.810,-0.244,3.354,1.646
1573070585616,2019-11-06T15:03:05.616,21.820,-0.183,3.293,1.829
1573070585626,2019-11-06T15:03:05.626,21.830,0.000,3.232,2.012
1573070585636,2019-11-06T15:03:05.636,21.840,0.122,3.049,1.890
1573070585646,2019-11-06T15:03:05.646,21.850,0.610,2.866,1.585
1573070585656,2019-11-06T15:03:05.656,21.860,0.976,2.805,1.646
1573070585666,2019-11-06T15:03:05.666,21.870,1.098,2.683,1.646
1573070585676,2019-11-06T15:03:05.676,21.880,1.220,2.622,1.463
1573070585686,2019-11-06T15:03:05.686,21.890,1.159,2.561,1.280
1573070585696,2019-11-06T15:03:05.696,21.900,1.037,2.378,1.037
1573070585706,2019-11-06T15:03:05.706,21.910,0.976,2.195,0.793
1573070585716,2019-11-06T15:03:05.716,21.920,0.732,2.134,0.427
1573070585726,2019-11-06T15:03:05.726,21.930,0.427,2.134,0.122
1573070585736,2019-11-06T15:03:05.736,21.940,0.244,2.378,-0.061
1573070585746,2019-11-06T15:03:05.746,21.950,0.244,2.378,-0.122
1573070585756,2019-11-06T15:03:05.756,21.960,0.549,1.585,-0.366
1573070585766,2019-11-06T15:03:05.766,21.970,0.366,0.732,-0.488
1573070585776,2019-11-06T15:03:05.776,21.980,-0.305,0.549,0.000
1573070585786,2019-11-06T15:03:05.786,21.990,-0.366,0.183,1.402
1573070585796,2019-11-06T15:03:05.796,22.000,1.159,-0.793,2.622
1573070585806,2019-11-06T15:03:05.806,22.010,1.707,-1.768,2.622
1573070585816,2019-11-06T15:03:05.816,22.020,0.549,-2.317,1.707
1573070585826,2019-11-06T15:03:05.826,22.030,0.000,-2.561,0.854
1573070585836,2019-11-06T15:03:05.836,22.040,0.366,-2.500,0.671
1573070585846,2019-11-06T15:03:05.846,22.050,0.427,-2.195,0.610
1573070585856,2019-11-06T15:03:05.856,22.060,0.183,-1.890,0.671
1573070585866,2019-11-06T15:03:05.866,22.070,0.244,-2.073,0.854
1573070585876,2019-11-06T15:03:05.876,22.080,0.427,-2.073,1.098
1573070585886,2019-11-06T15:03:05.886,22.090,0.366,-2.012,1.341
1573070585896,2019-11-06T15:03:05.896,22.100,0.305,-2.073,1.463
1573070585906,2019-11-06T15:03:05.906,22.110,0.305,-2.134,1.402
1573070585916,2019-11-06T15:03:05.916,22.120,0.183,-2.012,1.220
1573070585926,2019-11-06T15:03:05.926,22.130,-0.061,-1.890,1.037
1573070585936,2019-11-06T15:03:05.936,22.140,0.000,-1.829,0.793
1573070585946,2019-11-06T15:03:05.946,22.150,0.244,-1.707,0.610
1573070585956,2019-11-06T15:03:05.956,22.160,0.061,-1.585,0.549
1573070585966,2019-11-06T15:03:05.966,22.170,-0.061,-1.585,0.549
1573070585976,2019-11-06T15:03:05.976,22.180,0.488,-1.524,0.976
1573070585986,2019-11-06T15:03:05.986,22.190,0.610,-1.463,1.098
1573070585996,2019-11-06T15:03:05.996,22.200,0.183,-1.463,0.976
1573070586006,2019-11-06T15:03:06.006,22.210,0.427,-1.646,0.976
1573070586016,2019-11-06T15:03:06.016,22.220,0.793,-1.707,1.159
1573070586026,2019-11-06T15:03:06.026,22.230,0.427,-1.890,1.220
1573070586036,2019-11-06T15:03:06.036,22.240,0.000,-1.829,0.976
1573070586046,2019-11-06T15:03:06.046,22.250,-0.183,-1.768,0.610
1573070586056,2019-11-06T15:03:06.056,22.260,-0.244,-1.890,0.244
1573070586066,2019-11-06T15:03:06.066,22.270,-0.427,-2.073,-0.183
1573070586076,2019-11-06T15:03:06.076,22.280,-0.244,-2.134,-0.427
1573070586086,2019-11-06T15:03:06.086,22.290,0.244,-2.256,-0.610
1573070586096,2019-11-06T15:03:06.096,22.300,0.732,-2.378,-0.427
1573070586106,2019-11-06T15:03:06.106,22.310,1.220,-2.561,-0.366
1573070586116,2019-11-06T15:03:06.116,22.320,1.402,-2.744,-0.488
1573070586126,2019-11-06T15:03:06.126,22.330,1.280,-2.805,-0.427
1573070586136,2019-11-06T15:03:06.136,22.340,0.976,-2.622,-0.549
1573070586146,2019-11-06T15:03:06.146,22.350,0.793,-2.622,-0.244
1573070586156,2019-11-06T15:03:06.156,22.360,0.976,-2.805,-0.061
1573070586166,2019-11-06T15:03:06.166,22.370,1.341,-2.805,0.061
1573070586176,2019-11-06T15:03:06.176,22.380,1.402,-2.744,0.000
1573070586186,2019-11-06T15:03:06.186,22.390,1.463,-2.927,-0.122
1573070586196,2019-11-06T15:03:06.196,22.400,1.524,-3.049,0.000
1573070586206,2019-11-06T15:03:06.206,22.410,1.829,-3.110,0.366
1573070586216,2019-11-06T15:03:06.216,22.420,2.134,-3.232,0.671
1573070586226,2019-11-06T15:03:06.226,22.430,2.134,-3.293,0.732
1573070586236,2019-11-06T15:03:06.236,22.440,1.707,-3.415,0.610
1573070586246,2019-11-06T15:03:06.246,22.450,1.220,-3.415,0.549
1573070586256,2019-11-06T15:03:06.256,22.460,1.037,-3.354,0.244
1573070586266,2019-11-06T15:03:06.266,22.470,0.671,-3.354,-0.305
1573070586276,2019-11-06T15:03:06.276,22.480,0.488,-3.354,-0.549
1573070586286,2019-11-06T15:03:06.286,22.490,0.488,-3.293,-0.671
1573070586296,2019-11-06T15:03:06.296,22.500,0.488,-3.232,-0.854
1573070586306,2019-11-06T15:03:06.306,22.510,0.549,-3.232,-0.854
1573070586316,2019-11-06T15:03:06.316,22.520,0.610,-3.049,-0.854
1573070586326,2019-11-06T15:03:06.326,22.530,0.488,-2.866,-1.037
1573070586336,2019-11-06T15:03:06.336,22.540,0.488,-2.683,-1.098
1573070586346,2019-11-06T15:03:06.346,22.550,0.610,-2.561,-0.671
1573070586356,2019-11-06T15:03:06.356,22.560,0.549,-2.439,-0.366
1573070586366,2019-11-06T15:03:06.366,22.570,0.732,-2.195,-0.244
1573070586376,2019-11-06T15:03:06.376,22.580,0.732,-2.073,-0.244
1573070586386,2019-11-06T15:03:06.386,22.590,0.793,-1.890,-0.244
1573070586396,2019-11-06T15:03:06.396,22.600,0.854,-1.829,-0.244
1573070586406,2019-11-06T15:03:06.406,22.610,1.037,-1.829,-0.122
1573070586416,2019-11-06T15:03:06.416,22.620,1.098,-1.890,0.000
1573070586426,2019-11-06T15:03:06.426,22.630,1.159,-1.890,-0.061
1573070586436,2019-11-06T15:03:06.436,22.640,1.280,-2.012,0.061
1573070586446,2019-11-06T15:03:06.446,22.650,1.159,-2.134,0.000
1573070586456,2019-11-06T15:03:06.456,22.660,1.037,-2.256,-0.122
1573070586466,2019-11-06T15:03:06.466,22.670,1.098,-2.378,-0.183
1573070586476,2019-11-06T15:03:06.476,22.680,1.159,-2.500,-0.122
1573070586486,2019-11-06T15:03:06.486,22.690,0.976,-2.561,-0.122
1573070586496,2019-11-06T15:03:06.496,22.700,1.037,-2.744,0.000
1573070586506,2019-11-06T15:03:06.506,22.710,0.915,-2.866,0.061
1573070586516,2019-11-06T15:03:06.516,22.720,0.793,-2.744,0.061
1573070586526,2019-11-06T15:03:06.526,22.730,0.915,-2.744,-0.061
1573070586536,2019-11-06T15:03:06.536,22.740,0.732,-2.988,-0.366
1573070586546,2019-11-06T15:03:06.546,22.750,0.610,-3.171,-0.549
1573070586556,2019-11-06T15:03:06.556,22.760,1.159,-3.598,-0.183
1573070586566,2019-11-06T15:03:06.566,22.770,1.341,-3.963,0.000
1573070586576,2019-11-06T15:03:06.576,22.780,0.732,-3.963,-0.122
1573070586586,2019-11-06T15:03:06.586,22.790,-0.061,-3.963,-0.305
1573070586596,2019-11-06T15:03:06.596,22.800,-0.427,-4.085,-0.366
1573070586606,2019-11-06T15:03:06.606,22.810,-0.366,-4.024,-0.427
1573070586616,2019-11-06T15:03:06.616,22.820,-0.671,-4.207,-0.671
1573070586626,2019-11-06T15:03:06.626,22.830,-0.671,-4.024,-1.037
1573070586636,2019-11-06T15:03:06.636,22.840,-0.305,-3.902,-1.037
1573070586646,2019-11-06T15:03:06.646,22.850,-0.061,-3.841,-1.098
1573070586656,2019-11-06T15:03:06.656,22.860,0.244,-3.841,-1.341
1573070586666,2019-11-06T15:03:06.666,22.870,0.244,-3.659,-1.768
1573070586676,2019-11-06T15:03:06.676,22.880,0.061,-3.537,-1.768
1573070586686,2019-11-06T15:03:06.686,22.890,0.061,-3.537,-1.524
1573070586696,2019-11-06T15:03:06.696,22.900,-0.244,-3.537,-1.524
1573070586706,2019-11-06T15:03:06.706,22.910,-0.732,-3.415,-1.646
1573070586716,2019-11-06T15:03:06.716,22.920,-0.732,-3.415,-1.707
1573070586726,2019-11-06T15:03:06.726,22.930,-0.183,-3.476,-1.585
1573070586736,2019-11-06T15:03:06.736,22.940,0.305,-3.476,-1.524
1573070586746,2019-11-06T15:03:06.746,22.950,0.549,-3.537,-1.524
1573070586756,2019-11-06T15:03:06.756,22.960,0.793,-3.476,-1.402
1573070586766,2019-11-06T15:03:06.766,22.970,1.159,-3.476,-1.159
1573070586776,2019-11-06T15:03:06.776,22.980,1.463,-3.476,-0.793
1573070586786,2019-11-06T15:03:06.786,22.990,1.280,-3.354,-0.671
1573070586796,2019-11-06T15:03:06.796,23.000,0.854,-3.110,-0.610
1573070586806,2019-11-06T15:03:06.806,23.010,0.915,-2.561,-0.305
1573070586816,2019-11-06T15:03:06.816,23.020,0.793,-2.073,0.061
1573070586826,2019-11-06T15:03:06.826,23.030,0.427,-2.134,-0.122
1573070586836,2019-11-06T15:03:06.836,23.040,0.427,-2.622,-0.427
1573070586846,2019-11-06T15:03:06.846,23.050,0.061,-2.683,-0.549
1573070586856,2019-11-06T15:03:06.856,23.060,0.000,-2.500,-0.122
1573070586866,2019-11-06T15:03:06.866,23.070,0.976,-2.683,0.244
1573070586876,2019-11-06T15:03:06.876,23.080,0.915,-2.805,0.244
1573070586886,2019-11-06T15:03:06.886,23.090,0.183,-2.561,0.061
1573070586896,2019-11-06T15:03:06.896,23.100,0.244,-2.256,0.183
1573070586906,2019-11-06T15:03:06.906,23.110,0.488,-2.134,0.427
1573070586916,2019-11-06T15:03:06.916,23.120,0.183,-1.890,0.427
1573070586926,2019-11-06T15:03:06.926,23.130,-0.061,-1.646,0.305
1573070586936,2019-11-06T15:03:06.936,23.140,0.000,-1.524,0.122
1573070586946,2019-11-06T15:03:06.946,23.150,0.122,-1.463,-0.061
1573070586956,2019-11-06T15:03:06.956,23.160,0.305,-1.402,-0.244
1573070586966,2019-11-06T15:03:06.966,23.170,0.427,-1.280,-0.244
1573070586976,2019-11-06T15:03:06.976,23.180,0.488,-1.098,-0.305
1573070586986,2019-11-06T15:03:06.986,23.190,0.488,-0.793,-0.488
1573070586996,2019-11-06T15:03:06.996,23.200,0.488,-0.671,-0.671
1573070587006,2019-11-06T15:03:07.006,23.210,0.488,-0.488,-0.671
1573070587016,2019-11-06T15:03:07.016,23.220,0.244,-0.183,-0.732
1573070587026,2019-11-06T15:03:07.026,23.230,0.000,-0.183,-0.976
1573070587036,2019-11-06T15:03:07.036,23.240,-0.244,0.000,-1.159
1573070587046,2019-11-06T15:03:07.046,23.250,-0.183,0.183,-1.159
1573070587056,2019-11-06T15:03:07.056,23.260,0.244,0.183,-0.732
1573070587066,2019-11-06T15:03:07.066,23.270,0.244,0.305,-0.305
1573070587076,2019-11-06T15:03:07.076,23.280,0.488,0.427,0.244
1573070587086,2019-11-06T15:03:07.086,23.290,0.610,0.549,0.549
1573070587096,2019-11-06T15:03:07.096,23.300,0.305,0.671,0.305
1573070587106,2019-11-06T15:03:07.106,23.310,0.610,0.671,0.488
1573070587116,2019-11-06T15:03:07.116,23.320,1.098,0.610,0.915
1573070587126,2019-11-06T15:03:07.126,23.330,1.037,0.610,1.098
1573070587136,2019-11-06T15:03:07.136,23.340,0.427,0.732,0.854
1573070587146,2019-11-06T15:03:07.146,23.350,-0.122,0.854,0.244
1573070587156,2019-11-06T15:03:07.156,23.360,0.000,0.976,0.061
1573070587166,2019-11-06T15:03:07.166,23.370,0.000,1.037,-0.183
1573070587176,2019-11-06T15:03:07.176,23.380,-0.122,0.976,-0.915
1573070587186,2019-11-06T15:03:07.186,23.390,0.305,0.793,-1.341
1573070587196,2019-11-06T15:03:07.196,23.400,1.159,0.610,-1.280
1573070587206,2019-11-06T15:03:07.206,23.410,1.829,0.366,-1.280
1573070587216,2019-11-06T15:03:07.216,23.420,2.134,0.183,-1.341
1573070587226,2019-11-06T15:03:07.226,23.430,2.073,0.183,-1.098
1573070587236,2019-11-06T15:03:07.236,23.440,1.890,0.061,-0.976
1573070587246,2019-11-06T15:03:07.246,23.450,2.012,-0.122,-0.915
1573070587256,2019-11-06T15:03:07.256,23.460,1.951,-0.183,-0.793
1573070587266,2019-11-06T15:03:07.266,23.470,2.012,0.061,-0.610
1573070587276,2019-11-06T15:03:07.276,23.480,2.073,-0.061,-0.244
1573070587286,2019-11-06T15:03:07.286,23.490,2.927,-0.915,0.183
1573070587296,2019-11-06T15:03:07.296,23.500,3.415,-1.463,0.732
1573070587306,2019-11-06T15:03:07.306,23.510,3.354,-1.707,1.280
1573070587316,2019-11-06T15:03:07.316,23.520,3.963,-2.256,1.707
1573070587326,2019-11-06T15:03:07.326,23.530,4.146,-2.744,1.524
1573070587336,2019-11-06T15:03:07.336,23.540,3.415,-2.744,1.037
1573070587346,2019-11-06T15:03:07.346,23.550,2.622,-2.622,0.549
1573070587356,2019-11-06T15:03:07.356,23.560,2.073,-2.439,0.122
1573070587366,2019-11-06T15:03:07.366,23.570,1.890,-2.256,0.122
1573070587376,2019-11-06T15:03:07.376,23.580,1.646,-2.012,0.244
1573070587386,2019-11-06T15:03:07.386,23.590,1.463,-1.768,0.366
1573070587396,2019-11-06T15:03:07.396,23.600,1.463,-1.707,0.488
1573070587406,2019-11-06T15:03:07.406,23.610,1.341,-1.524,0.671
1573070587416,2019-11-06T15:03:07.416,23.620,1.220,-1.463,0.976
1573070587426,2019-11-06T15:03:07.426,23.630,1.159,-1.402,1.220
1573070587436,2019-11-06T15:03:07.436,23.640,1.037,-1.098,1.220
1573070587446,2019-11-06T15:03:07.446,23.650,0.793,-0.976,1.463
1573070587456,2019-11-06T15:03:07.456,23.660,0.549,-0.915,1.707
1573070587466,2019-11-06T15:03:07.466,23.670,0.366,-0.915,1.585
1573070587476,2019-11-06T15:03:07.476,23.680,0.122,-0.915,1.402
1573070587486,2019-11-06T15:03:07.486,23.690,0.061,-0.793,1.524
1573070587496,2019-11-06T15:03:07.496,23.700,-0.061,-0.793,1.829
1573070587506,2019-11-06T15:03:07.506,23.710,-0.061,-0.671,1.768
1573070587516,2019-11-06T15:03:07.516,23.720,-0.122,-0.488,1.829
1573070587526,2019-11-06T15:03:07.526,23.730,-0.244,-0.122,2.134
1573070587536,2019-11-06T15:03:07.536,23.740,-0.549,0.244,2.439
1573070587546,2019-11-06T15:03:07.546,23.750,-0.122,0.549,2.561
1573070587556,2019-11-06T15:03:07.556,23.760,0.061,0.366,1.951
1573070587566,2019-11-06T15:03:07.566,23.770,-1.098,0.610,1.220
1573070587576,2019-11-06T15:03:07.576,23.780,-1.646,0.976,1.098
1573070587586,2019-11-06T15:03:07.586,23.790,-0.488,0.488,1.341
1573070587596,2019-11-06T15:03:07.596,23.800,0.122,-0.549,0.793
1573070587606,2019-11-06T15:03:07.606,23.810,-0.305,-1.037,-0.183
1573070587616,2019-11-06T15:03:07.616,23.820,-0.061,-0.915,-1.037
1573070587626,2019-11-06T15:03:07.626,23.830,0.000,-0.854,-1.037
1573070587636,2019-11-06T15:03:07.636,23.840,0.244,-0.976,-0.061
1573070587646,2019-11-06T15:03:07.646,23.850,1.341,-1.159,1.524
1573070587656,2019-11-06T15:03:07.656,23.860,1.768,-1.402,2.378
1573070587666,2019-11-06T15:03:07.666,23.870,1.524,-1.463,2.439
1573070587676,2019-11-06T15:03:07.676,23.880,1.707,-1.341,2.805
1573070587686,2019-11-06T15:03:07.686,23.890,2.073,-1.463,3.415
1573070587696,2019-11-06T15:03:07.696,23.900,1.951,-1.463,3.598
1573070587706,2019-11-06T15:03:07.706,23.910,1.220,-1.280,2.927
1573070587716,2019-11-06T15:03:07.716,23.920,0.610,-1.098,2.195
1573070587726,2019-11-06T15:03:07.726,23.930,0.366,-1.159,1.768
1573070587736,2019-11-06T15:03:07.736,23.940,0.366,-1.341,1.280
1573070587746,2019-11-06T15:03:07.746,23.950,0.366,-1.585,0.793
1573070587756,2019-11-06T15:03:07.756,23.960,0.671,-1.707,0.549
1573070587766,2019-11-06T15:03:07.766,23.970,0.915,-1.951,0.549
1573070587776,2019-11-06T15:03:07.776,23.980,1.220,-2.134,0.549
1573070587786,2019-11-06T15:03:07.786,23.990,1.220,-2.073,0.549
1573070587796,2019-11-06T15:03:07.796,24.000,1.098,-2.012,0.610
1573070587806,2019-11-06T15:03:07.806,24.010,0.854,-2.073,0.732
1573070587816,2019-11-06T15:03:07.816,24.020,0.549,-2.195,0.793
1573070587826,2019-11-06T15:03:07.826,24.030,0.427,-2.073,0.854
1573070587836,2019-11-06T15:03:07.836,24.040,0.549,-2.012,1.220
1573070587846,2019-11-06T15:03:07.846,24.050,0.549,-2.073,1.098
1573070587856,2019-11-06T15:03:07.856,24.060,0.427,-2.073,0.854
1573070587866,2019-11-06T15:03:07.866,24.070,0.488,-2.195,0.915
1573070587876,2019-11-06T15:03:07.876,24.080,0.549,-2.256,1.098
1573070587886,2019-11-06T15:03:07.886,24.090,0.671,-2.317,1.037
1573070587896,2019-11-06T15:03:07.896,24.100,0.427,-2.256,0.671
1573070587906,2019-11-06T15:03:07.906,24.110,0.122,-2.195,0.488
1573070587916,2019-11-06T15:03:07.916,24.120,0.122,-2.256,0.366
1573070587926,2019-11-06T15:03:07.926,24.130,0.000,-2.073,0.122
1573070587936,2019-11-06T15:03:07.936,24.140,-0.244,-2.012,-0.183
1573070587946,2019-11-06T15:03:07.946,24.150,-0.244,-1.890,-0.305
1573070587956,2019-11-06T15:03:07.956,24.160,-0.183,-1.768,-0.488
1573070587966,2019-11-06T15:03:07.966,24.170,-0.244,-1.585,-0.427
1573070587976,2019-11-06T15:03:07.976,24.180,-0.366,-1.463,-0.427
1573070587986,2019-11-06T15:03:07.986,24.190,-0.427,-1.220,-0.366
1573070587996,2019-11-06T15:03:07.996,24.200,-0.671,-1.037,-0.305
1573070588006,2019-11-06T15:03:08.006,24.210,-0.915,-0.976,-0.244
1573070588016,2019-11-06T15:03:08.016,24.220,-0.915,-0.732,-0.061
1573070588026,2019-11-06T15:03:08.026,24.230,-0.793,-0.610,0.183
1573070588036,2019-11-06T15:03:08.036,24.240,-0.793,-0.427,0.244
1573070588046,2019-11-06T15:03:08.046,24.250,-0.854,-0.366,0.366
1573070588056,2019-11-06T15:03:08.056,24.260,-0.732,-0.366,0.610
1573070588066,2019-11-06T15:03:08.066,24.270,-0.366,-0.427,0.854
1573070588076,2019-11-06T15:03:08.076,24.280,-0.305,-0.427,0.854
1573070588086,2019-11-06T15:03:08.086,24.290,-0.305,-0.366,0.854
1573070588096,2019-11-06T15:03:08.096,24.300,-0.122,-0.427,1.037
1573070588106,2019-11-06T15:03:08.106,24.310,0.061,-0.488,1.159
1573070588116,2019-11-06T15:03:08.116,24.320,0.183,-0.488,1.220
1573070588126,2019-11-06T15:03:08.126,24.330,0.305,-0.488,1.037
1573070588136,2019-11-06T15:03:08.136,24.340,0.000,-0.488,0.793
1573070588146,2019-11-06T15:03:08.146,24.350,0.000,-0.427,0.732
1573070588156,2019-11-06T15:03:08.156,24.360,0.000,-0.366,0.610
1573070588166,2019-11-06T15:03:08.166,24.370,0.000,-0.366,0.488
1573070588176,2019-11-06T15:03:08.176,24.380,0.244,-0.366,0.305
1573070588186,2019-11-06T15:03:08.186,24.390,0.305,-0.427,0.061
1573070588196,2019-11-06T15:03:08.196,24.400,0.122,-0.366,-0.244
1573070588206,2019-11-06T15:03:08.206,24.410,0.305,-0.366,-0.122
1573070588216,2019-11-06T15:03:08.216,24.420,0.549,-0.427,0.061
1573070588226,2019-11-06T15:03:08.226,24.430,0.244,-0.488,-0.305
1573070588236,2019-11-06T15:03:08.236,24.440,0.427,-0.549,-0.244
1573070588246,2019-11-06T15:03:08.246,24.450,0.793,-0.732,0.000
1573070588256,2019-11-06T15:03:08.256,24.460,0.549,-0.854,-0.244
1573070588266,2019-11-06T15:03:08.266,24.470,-0.183,-0.610,-0.854
1573070588276,2019-11-06T15:03:08.276,24.480,-0.732,-0.488,-1.159
1573070588286,2019-11-06T15:03:08.286,24.490,-0.488,-0.305,-1.280
1573070588296,2019-11-06T15:03:08.296,24.500,-0.244,-0.183,-1.463
1573070588306,2019-11-06T15:03:08.306,24.510,-0.427,-0.122,-2.012
1573070588316,2019-11-06T15:03:08.316,24.520,-0.366,-0.122,-2.317
1573070588326,2019-11-06T15:03:08.326,24.530,0.122,-0.183,-2.317
1573070588336,2019-11-06T15:03:08.336,24.540,0.610,-0.244,-2.134
1573070588346,2019-11-06T15:03:08.346,24.550,0.793,-0.305,-2.012
1573070588356,2019-11-06T15:03:08.356,24.560,0.671,-0.366,-1.890
1573070588366,2019-11-06T15:03:08.366,24.570,0.427,-0.427,-1.402
1573070588376,2019-11-06T15:03:08.376,24.580,0.366,-0.610,-1.098
1573070588386,2019-11-06T15:03:08.386,24.590,0.366,-0.915,-0.793
1573070588396,2019-11-06T15:03:08.396,24.600,0.427,-1.159,-0.366
1573070588406,2019-11-06T15:03:08.406,24.610,0.549,-1.341,0.000
1573070588416,2019-11-06T15:03:08.416,24.620,0.488,-1.707,-0.061
1573070588426,2019-11-06T15:03:08.426,24.630,0.427,-1.951,0.000
1573070588436,2019-11-06T15:03:08.436,24.640,0.610,-2.134,0.061
1573070588446,2019-11-06T15:03:08.446,24.650,0.732,-2.439,0.244
1573070588456,2019-11-06T15:03:08.456,24.660,0.732,-2.561,0.122
1573070588466,2019-11-06T15:03:08.466,24.670,0.366,-2.622,0.061
1573070588476,2019-11-06T15:03:08.476,24.680,0.000,-2.683,-0.061
1573070588486,2019-11-06T15:03:08.486,24.690,-0.183,-2.744,-0.122
1573070588496,2019-11-06T15:03:08.496,24.700,-0.244,-2.683,-0.061
1573070588506,2019-11-06T15:03:08.506,24.710,-0.183,-2.683,-0.244
1573070588516,2019-11-06T15:03:08.516,24.720,-0.427,-2.622,-0.549
1573070588526,2019-11-06T15:03:08.526,24.730,-0.244,-2.683,-0.732
1573070588536,2019-11-06T15:03:08.536,24.740,0.244,-2.683,-0.488
1573070588546,2019-11-06T15:03:08.546,24.750,0.305,-2.561,-1.037
1573070588556,2019-11-06T15:03:08.556,24.760,-1.098,-2.378,-2.500
1573070588566,2019-11-06T15:03:08.566,24.770,-2.073,-2.317,-2.622
1573070588576,2019-11-06T15:03:08.576,24.780,-1.707,-2.439,-1.341
1573070588586,2019-11-06T15:03:08.586,24.790,-1.402,-2.744,-0.610
1573070588596,2019-11-06T15:03:08.596,24.800,-1.829,-3.049,-1.037
1573070588606,2019-11-06T15:03:08.606,24.810,-2.378,-3.354,-1.402
1573070588616,2019-11-06T15:03:08.616,24.820,-2.073,-3.841,-1.280
1573070588626,2019-11-06T15:03:08.626,24.830,-1.707,-4.512,-1.220
1573070588636,2019-11-06T15:03:08.636,24.840,-2.073,-5.366,-1.646
1573070588646,2019-11-06T15:03:08.646,24.850,-2.500,-6.402,-1.768
1573070588656,2019-11-06T15:03:08.656,24.860,-2.561,-7.500,-1.280
1573070588666,2019-11-06T15:03:08.666,24.870,-2.500,-8.537,-0.244
1573070588676,2019-11-06T15:03:08.676,24.880,-2.134,-9.756,0.488
1573070588686,2019-11-06T15:03:08.686,24.890,-1.463,-11.098,1.280
1573070588696,2019-11-06T15:03:08.696,24.900,-1.159,-12.744,2.195
1573070588706,2019-11-06T15:03:08.706,24.910,-0.976,-14.268,3.476
1573070588716,2019-11-06T15:03:08.716,24.920,-0.610,-15.610,4.878
1573070588726,2019-11-06T15:03:08.726,24.930,0.183,-17.378,6.585
1573070588736,2019-11-06T15:03:08.736,24.940,1.707,-19.390,8.902
1573070588746,2019-11-06T15:03:08.746,24.950,3.354,-21.585,11.524
1573070588756,2019-11-06T15:03:08.756,24.960,5.488,-24.390,15.122
1573070588766,2019-11-06T15:03:08.766,24.970,8.598,-27.683,20.549
1573070588776,2019-11-06T15:03:08.776,24.980,12.744,-29.817,25.915
1573070588786,2019-11-06T15:03:08.786,24.990,14.207,-30.366,27.073
1573070588796,2019-11-06T15:03:08.796,25.000,11.890,-30.732,25.061
1573070588806,2019-11-06T15:03:08.806,25.010,11.463,-32.073,24.268
1573070588816,2019-11-06T15:03:08.816,25.020,12.866,-33.415,25.122
1573070588826,2019-11-06T15:03:08.826,25.030,13.232,-34.329,25.488
1573070588836,2019-11-06T15:03:08.836,25.040,12.378,-35.366,24.878
1573070588846,2019-11-06T15:03:08.846,25.050,11.098,-36.768,23.841
1573070588856,2019-11-06T15:03:08.856,25.060,11.341,-38.049,23.232
1573070588866,2019-11-06T15:03:08.866,25.070,11.280,-39.573,21.768
1573070588876,2019-11-06T15:03:08.876,25.080,10.732,-41.098,19.817
1573070588886,2019-11-06T15:03:08.886,25.090,10.122,-42.195,17.500
1573070588896,2019-11-06T15:03:08.896,25.100,9.268,-43.171,14.939
1573070588906,2019-11-06T15:03:08.906,25.110,8.171,-44.268,11.951
1573070588916,2019-11-06T15:03:08.916,25.120,8.659,-45.183,9.329
1573070588926,2019-11-06T15:03:08.926,25.130,8.963,-45.549,6.707
1573070588936,2019-11-06T15:03:08.936,25.140,8.354,-45.793,3.659
1573070588946,2019-11-06T15:03:08.946,25.150,7.439,-45.732,0.549
1573070588956,2019-11-06T15:03:08.956,25.160,7.317,-45.427,-1.646
1573070588966,2019-11-06T15:03:08.966,25.170,7.500,-45.427,-3.963
1573070588976,2019-11-06T15:03:08.976,25.180,7.317,-45.427,-6.524
1573070588986,2019-11-06T15:03:08.986,25.190,6.707,-45.183,-9.207
1573070588996,2019-11-06T15:03:08.996,25.200,6.646,-44.878,-11.585
1573070589006,2019-11-06T15:03:09.006,25.210,7.012,-44.878,-14.146
1573070589016,2019-11-06T15:03:09.016,25.220,6.646,-44.878,-17.622
1573070589026,2019-11-06T15:03:09.026,25.230,6.098,-45.061,-21.037
1573070589036,2019-11-06T15:03:09.036,25.240,6.159,-45.793,-24.146
1573070589046,2019-11-06T15:03:09.046,25.250,5.610,-47.378,-27.744
1573070589056,2019-11-06T15:03:09.056,25.260,4.390,-49.573,-31.585
1573070589066,2019-11-06T15:03:09.066,25.270,3.598,-52.134,-34.573
1573070589076,2019-11-06T15:03:09.076,25.280,2.927,-54.451,-36.341
1573070589086,2019-11-06T15:03:09.086,25.290,2.378,-56.646,-37.500
1573070589096,2019-11-06T15:03:09.096,25.300,2.134,-58.476,-37.805
1573070589106,2019-11-06T15:03:09.106,25.310,1.098,-59.939,-38.110
1573070589116,2019-11-06T15:03:09.116,25.320,-0.183,-60.976,-37.805
1573070589126,2019-11-06T15:03:09.126,25.330,-1.280,-61.341,-36.890
1573070589136,2019-11-06T15:03:09.136,25.340,-2.256,-60.854,-35.549
1573070589146,2019-11-06T15:03:09.146,25.350,-3.963,-59.817,-35.000
1573070589156,2019-11-06T15:03:09.156,25.360,-6.280,-58.415,-35.488
1573070589166,2019-11-06T15:03:09.166,25.370,-8.598,-56.341,-36.463
1573070589176,2019-11-06T15:03:09.176,25.380,-10.671,-53.720,-37.683
1573070589186,2019-11-06T15:03:09.186,25.390,-12.317,-50.549,-38.902
1573070589196,2019-11-06T15:03:09.196,25.400,-13.171,-47.073,-40.488
1573070589206,2019-11-06T15:03:09.206,25.410,-13.720,-43.415,-42.439
1573070589216,2019-11-06T15:03:09.216,25.420,-14.451,-39.573,-44.390
1573070589226,2019-11-06T15:03:09.226,25.430,-15.061,-35.854,-45.915
1573070589236,2019-11-06T15:03:09.236,25.440,-15.244,-32.317,-46.646
1573070589246,2019-11-06T15:03:09.246,25.450,-15.061,-28.902,-46.890
1573070589256,2019-11-06T15:03:09.256,25.460,-15.488,-25.549,-47.195
1573070589266,2019-11-06T15:03:09.266,25.470,-16.524,-22.256,-47.256
1573070589276,2019-11-06T15:03:09.276,25.480,-17.256,-19.085,-46.402
1573070589286,2019-11-06T15:03:09.286,25.490,-17.988,-16.220,-45.122
1573070589296,2019-11-06T15:03:09.296,25.500,-18.171,-13.537,-43.232
1573070589306,2019-11-06T15:03:09.306,25.510,-18.537,-10.793,-40.915
1573070589316,2019-11-06T15:03:09.316,25.520,-19.085,-8.110,-38.476
1573070589326,2019-11-06T15:03:09.326,25.530,-20.061,-5.793,-36.524
1573070589336,2019-11-06T15:03:09.336,25.540,-20.427,-3.659,-33.841
1573070589346,2019-11-06T15:03:09.346,25.550,-19.756,-2.012,-30.366
1573070589356,2019-11-06T15:03:09.356,25.560,-19.085,-0.549,-27.378
1573070589366,2019-11-06T15:03:09.366,25.570,-18.354,0.793,-24.573
1573070589376,2019-11-06T15:03:09.376,25.580,-17.195,2.256,-21.098
1573070589386,2019-11-06T15:03:09.386,25.590,-16.220,3.780,-17.378
1573070589396,2019-11-06T15:03:09.396,25.600,-15.488,5.488,-13.963
1573070589406,2019-11-06T15:03:09.406,25.610,-15.244,7.561,-11.402
1573070589416,2019-11-06T15:03:09.416,25.620,-15.793,9.634,-9.695
1573070589426,2019-11-06T15:03:09.426,25.630,-16.280,11.768,-8.720
1573070589436,2019-11-06T15:03:09.436,25.640,-15.854,13.537,-8.171
1573070589446,2019-11-06T15:03:09.446,25.650,-14.329,14.939,-7.683
1573070589456,2019-11-06T15:03:09.456,25.660,-12.378,15.915,-7.744
1573070589466,2019-11-06T15:03:09.466,25.670,-9.817,16.585,-7.805
1573070589476,2019-11-06T15:03:09.476,25.680,-7.622,17.256,-7.927
1573070589486,2019-11-06T15:03:09.486,25.690,-5.732,18.110,-7.988
1573070589496,2019-11-06T15:03:09.496,25.700,-3.963,19.207,-7.805
1573070589506,2019-11-06T15:03:09.506,25.710,-3.476,20.427,-7.744
1573070589516,2019-11-06T15:03:09.516,25.720,-3.476,21.829,-7.805
1573070589526,2019-11-06T15:03:09.526,25.730,-3.659,23.110,-8.049
1573070589536,2019-11-06T15:03:09.536,25.740,-3.780,24.329,-7.988
1573070589546,2019-11-06T15:03:09.546,25.750,-3.110,25.061,-7.988
1573070589556,2019-11-06T15:03:09.556,25.760,-2.134,25.732,-7.805
1573070589566,2019-11-06T15:03:09.566,25.770,-1.159,26.402,-7.073
1573070589576,2019-11-06T15:03:09.576,25.780,-0.122,27.195,-6.341
1573070589586,2019-11-06T15:03:09.586,25.790,-0.244,27.927,-5.854
1573070589596,2019-11-06T15:03:09.596,25.800,-1.159,28.659,-5.183
1573070589606,2019-11-06T15:03:09.606,25.810,-1.707,29.390,-3.902
1573070589616,2019-11-06T15:03:09.616,25.820,-3.110,30.122,-3.598
1573070589626,2019-11-06T15:03:09.626,25.830,-5.793,30.793,-5.183
1573070589636,2019-11-06T15:03:09.636,25.840,-6.463,31.524,-4.512
1573070589646,2019-11-06T15:03:09.646,25.850,-4.512,32.073,-1.890
1573070589656,2019-11-06T15:03:09.656,25.860,-5.000,32.622,-1.646
1573070589666,2019-11-06T15:03:09.666,25.870,-5.366,33.171,-1.646
1573070589676,2019-11-06T15:03:09.676,25.880,-4.024,33.659,-1.402
1573070589686,2019-11-06T15:03:09.686,25.890,-2.561,33.841,-2.073
1573070589696,2019-11-06T15:03:09.696,25.900,-0.488,33.537,-3.963
1573070589706,2019-11-06T15:03:09.706,25.910,2.561,32.744,-6.646
1573070589716,2019-11-06T15:03:09.716,25.920,5.671,31.646,-9.756
1573070589726,2019-11-06T15:03:09.726,25.930,8.537,30.671,-13.354
1573070589736,2019-11-06T15:03:09.736,25.940,9.756,29.573,-17.561
1573070589746,2019-11-06T15:03:09.746,25.950,10.610,28.598,-20.183
1573070589756,2019-11-06T15:03:09.756,25.960,13.720,27.622,-19.512
1573070589766,2019-11-06T15:03:09.766,25.970,16.951,26.280,-17.744
1573070589776,2019-11-06T15:03:09.776,25.980,19.207,25.061,-16.098
1573070589786,2019-11-06T15:03:09.786,25.990,20.305,23.902,-14.451
1573070589796,2019-11-06T15:03:09.796,26.000,19.817,22.805,-12.500
1573070589806,2019-11-06T15:03:09.806,26.010,17.866,21.951,-10.000
1573070589816,2019-11-06T15:03:09.816,26.020,16.402,21.037,-7.134
1573070589826,2019-11-06T15:03:09.826,26.030,16.707,20.244,-2.683
1573070589836,2019-11-06T15:03:09.836,26.040,17.073,19.634,2.073
1573070589846,2019-11-06T15:03:09.846,26.050,15.610,19.390,5.488
1573070589856,2019-11-06T15:03:09.856,26.060,13.720,19.512,7.805
1573070589866,2019-11-06T15:03:09.866,26.070,12.134,19.634,9.817
1573070589876,2019-11-06T15:03:09.876,26.080,10.061,19.573,10.854
1573070589886,2019-11-06T15:03:09.886,26.090,8.171,19.207,10.976
1573070589896,2019-11-06T15:03:09.896,26.100,7.622,18.476,11.646
1573070589906,2019-11-06T15:03:09.906,26.110,8.110,17.378,12.317
1573070589916,2019-11-06T15:03:09.916,26.120,8.415,16.463,12.378
1573070589926,2019-11-06T15:03:09.926,26.130,8.232,15.549,12.195
1573070589936,2019-11-06T15:03:09.936,26.140,7.622,15.061,11.768
1573070589946,2019-11-06T15:03:09.946,26.150,6.098,14.756,10.427
1573070589956,2019-11-06T15:03:09.956,26.160,4.024,14.634,9.512
1573070589966,2019-11-06T15:03:09.966,26.170,1.463,14.512,9.207
1573070589976,2019-11-06T15:03:09.976,26.180,-2.256,14.207,9.085
1573070589986,2019-11-06T15:03:09.986,26.190,-5.732,13.841,8.841
1573070589996,2019-11-06T15:03:09.996,26.200,-8.780,13.354,8.293
1573070590006,2019-11-06T15:03:10.006,26.210,-10.732,12.988,7.805
1573070590016,2019-11-06T15:03:10.016,26.220,-11.341,12.439,8.049
1573070590026,2019-11-06T15:03:10.026,26.230,-11.037,11.402,8.598
1573070590036,2019-11-06T15:03:10.036,26.240,-9.939,10.366,8.841
1573070590046,2019-11-06T15:03:10.046,26.250,-7.744,9.268,8.598
1573070590056,2019-11-06T15:03:10.056,26.260,-5.366,8.110,8.110
1573070590066,2019-11-06T15:03:10.066,26.270,-3.110,6.829,8.171
1573070590076,2019-11-06T15:03:10.076,26.280,-1.463,5.671,7.988
1573070590086,2019-11-06T15:03:10.086,26.290,-0.610,4.756,7.012
1573070590096,2019-11-06T15:03:10.096,26.300,-0.793,3.720,5.427
1573070590106,2019-11-06T15:03:10.106,26.310,-2.073,2.683,3.293
1573070590116,2019-11-06T15:03:10.116,26.320,-3.780,1.524,-0.061
1573070590126,2019-11-06T15:03:10.126,26.330,-5.183,0.122,-3.598
1573070590136,2019-11-06T15:03:10.136,26.340,-5.610,-1.585,-6.768
1573070590146,2019-11-06T15:03:10.146,26.350,-6.098,-3.659,-10.976
1573070590156,2019-11-06T15:03:10.156,26.360,-6.707,-6.098,-14.939
1573070590166,2019-11-06T15:03:10.166,26.370,-4.085,-8.780,-16.829
1573070590176,2019-11-06T15:03:10.176,26.380,-2.561,-11.829,-19.573
1573070590186,2019-11-06T15:03:10.186,26.390,-1.098,-14.329,-22.134
1573070590196,2019-11-06T15:03:10.196,26.400,5.427,-16.402,-20.488
1573070590206,2019-11-06T15:03:10.206,26.410,15.976,-18.171,-13.537
1573070590216,2019-11-06T15:03:10.216,26.420,19.573,-19.634,-9.268
1573070590226,2019-11-06T15:03:10.226,26.430,11.585,-20.000,-11.463
1573070590236,2019-11-06T15:03:10.236,26.440,5.244,-19.329,-12.256
1573070590246,2019-11-06T15:03:10.246,26.450,1.341,-18.293,-10.244
1573070590256,2019-11-06T15:03:10.256,26.460,-3.780,-16.707,-8.780
1573070590266,2019-11-06T15:03:10.266,26.470,-9.024,-15.000,-9.207
1573070590276,2019-11-06T15:03:10.276,26.480,-14.329,-13.415,-11.768
1573070590286,2019-11-06T15:03:10.286,26.490,-17.439,-11.768,-14.512
1573070590296,2019-11-06T15:03:10.296,26.500,-16.463,-10.427,-16.707
1573070590306,2019-11-06T15:03:10.306,26.510,-15.793,-9.634,-20.976
1573070590316,2019-11-06T15:03:10.316,26.520,-15.488,-9.268,-25.915
1573070590326,2019-11-06T15:03:10.326,26.530,-13.232,-9.634,-29.024
1573070590336,2019-11-06T15:03:10.336,26.540,-9.085,-10.671,-29.756
1573070590346,2019-11-06T15:03:10.346,26.550,-3.841,-12.134,-28.659
1573070590356,2019-11-06T15:03:10.356,26.560,1.098,-13.780,-26.402
1573070590366,2019-11-06T15:03:10.366,26.570,5.427,-15.183,-23.415
1573070590376,2019-11-06T15:03:10.376,26.580,10.244,-16.463,-19.085
1573070590386,2019-11-06T15:03:10.386,26.590,15.000,-17.439,-12.805
1573070590396,2019-11-06T15:03:10.396,26.600,17.256,-18.049,-6.890
1573070590406,2019-11-06T15:03:10.406,26.610,17.805,-18.354,-2.256
1573070590416,2019-11-06T15:03:10.416,26.620,18.232,-18.659,1.585
1573070590426,2019-11-06T15:03:10.426,26.630,18.415,-18.537,4.939
1573070590436,2019-11-06T15:03:10.436,26.640,18.841,-18.232,8.659
1573070590446,2019-11-06T15:03:10.446,26.650,18.963,-17.866,11.524
1573070590456,2019-11-06T15:03:10.456,26.660,19.085,-17.805,12.439
1573070590466,2019-11-06T15:03:10.466,26.670,19.451,-18.293,11.220
1573070590476,2019-11-06T15:03:10.476,26.680,20.305,-19.451,8.598
1573070590486,2019-11-06T15:03:10.486,26.690,22.317,-20.793,6.037
1573070590496,2019-11-06T15:03:10.496,26.700,24.817,-22.317,2.866
1573070590506,2019-11-06T15:03:10.506,26.710,26.707,-23.659,-1.402
1573070590516,2019-11-06T15:03:10.516,26.720,27.805,-24.878,-6.220
1573070590526,2019-11-06T15:03:10.526,26.730,27.805,-25.915,-10.671
1573070590536,2019-11-06T15:03:10.536,26.740,27.439,-26.585,-13.780
1573070590546,2019-11-06T15:03:10.546,26.750,25.427,-26.402,-16.037
1573070590556,2019-11-06T15:03:10.556,26.760,22.561,-25.732,-17.561
1573070590566,2019-11-06T15:03:10.566,26.770,21.646,-25.061,-17.195
1573070590576,2019-11-06T15:03:10.576,26.780,21.951,-24.512,-15.793
1573070590586,2019-11-06T15:03:10.586,26.790,22.439,-23.720,-13.902
1573070590596,2019-11-06T15:03:10.596,26.800,21.524,-22.683,-12.744
1573070590606,2019-11-06T15:03:10.606,26.810,18.659,-21.159,-11.646
1573070590616,2019-11-06T15:03:10.616,26.820,16.707,-19.268,-8.902
1573070590626,2019-11-06T15:03:10.626,26.830,15.915,-17.622,-4.451
1573070590636,2019-11-06T15:03:10.636,26.840,14.329,-15.732,-0.427
1573070590646,2019-11-06T15:03:10.646,26.850,11.341,-13.537,1.951
1573070590656,2019-11-06T15:03:10.656,26.860,7.744,-11.098,2.439
1573070590666,2019-11-06T15:03:10.666,26.870,5.427,-8.537,3.049
1573070590676,2019-11-06T15:03:10.676,26.880,4.756,-5.915,3.232
1573070590686,2019-11-06T15:03:10.686,26.890,4.024,-3.415,1.402
1573070590696,2019-11-06T15:03:10.696,26.900,5.488,-1.159,-0.061
1573070590706,2019-11-06T15:03:10.706,26.910,9.146,0.671,-0.976
1573070590716,2019-11-06T15:03:10.716,26.920,7.439,2.256,-2.012
1573070590726,2019-11-06T15:03:10.726,26.930,10.671,4.939,-1.098
1573070590736,2019-11-06T15:03:10.736,26.940,9.451,7.195,2.134
1573070590746,2019-11-06T15:03:10.746,26.950,5.061,9.207,6.585
1573070590756,2019-11-06T15:03:10.756,26.960,1.098,11.402,10.671
1573070590766,2019-11-06T15:03:10.766,26.970,-5.427,13.598,11.585
1573070590776,2019-11-06T15:03:10.776,26.980,-11.402,16.646,11.098
1573070590786,2019-11-06T15:03:10.786,26.990,-13.354,20.000,10.671
1573070590796,2019-11-06T15:03:10.796,27.000,-13.598,22.622,8.354
1573070590806,2019-11-06T15:03:10.806,27.010,-13.415,24.512,2.744
1573070590816,2019-11-06T15:03:10.816,27.020,-12.256,25.488,-4.390
1573070590826,2019-11-06T15:03:10.826,27.030,-8.293,25.000,-11.524
1573070590836,2019-11-06T15:03:10.836,27.040,-2.195,23.171,-17.744
1573070590846,2019-11-06T15:03:10.846,27.050,6.037,21.402,-23.537
1573070590856,2019-11-06T15:03:10.856,27.060,10.793,20.183,-31.341
1573070590866,2019-11-06T15:03:10.866,27.070,-0.671,19.451,-41.829
1573070590876,2019-11-06T15:03:10.876,27.080,-5.793,20.488,-43.841
1573070590886,2019-11-06T15:03:10.886,27.090,-1.037,20.854,-35.549
1573070590896,2019-11-06T15:03:10.896,27.100,3.476,20.305,-29.085
1573070590906,2019-11-06T15:03:10.906,27.110,0.244,20.610,-29.695
1573070590916,2019-11-06T15:03:10.916,27.120,-5.000,21.341,-31.524
1573070590926,2019-11-06T15:03:10.926,27.130,-7.317,21.707,-30.244
1573070590936,2019-11-06T15:03:10.936,27.140,-6.951,21.768,-25.183
1573070590946,2019-11-06T15:03:10.946,27.150,-7.500,21.220,-20.183
1573070590956,2019-11-06T15:03:10.956,27.160,-10.244,20.122,-17.378
1573070590966,2019-11-06T15:03:10.966,27.170,-12.378,18.659,-14.146
1573070590976,2019-11-06T15:03:10.976,27.180,-11.280,17.012,-8.415
1573070590986,2019-11-06T15:03:10.986,27.190,-9.024,15.366,-1.951
1573070590996,2019-11-06T15:03:10.996,27.200,-7.683,13.720,3.659
1573070591006,2019-11-06T15:03:11.006,27.210,-6.829,12.622,8.415
1573070591016,2019-11-06T15:03:11.016,27.220,-5.732,11.768,12.378
1573070591026,2019-11-06T15:03:11.026,27.230,-4.817,11.098,15.488
1573070591036,2019-11-06T15:03:11.036,27.240,-4.390,10.732,17.378
1573070591046,2019-11-06T15:03:11.046,27.250,-3.963,10.549,19.024
1573070591056,2019-11-06T15:03:11.056,27.260,-3.476,10.122,20.854
1573070591066,2019-11-06T15:03:11.066,27.270,-3.841,9.695,22.195
1573070591076,2019-11-06T15:03:11.076,27.280,-4.268,9.329,23.963
1573070591086,2019-11-06T15:03:11.086,27.290,-4.939,9.146,25.793
1573070591096,2019-11-06T15:03:11.096,27.300,-6.280,9.207,26.768
1573070591106,2019-11-06T15:03:11.106,27.310,-7.012,9.573,27.500
1573070591116,2019-11-06T15:03:11.116,27.320,-7.927,10.305,27.805
1573070591126,2019-11-06T15:03:11.126,27.330,-9.756,11.220,27.317
1573070591136,2019-11-06T15:03:11.136,27.340,-11.890,12.073,26.402
1573070591146,2019-11-06T15:03:11.146,27.350,-14.329,12.805,24.695
1573070591156,2019-11-06T15:03:11.156,27.360,-16.707,13.293,23.110
1573070591166,2019-11-06T15:03:11.166,27.370,-18.598,13.659,22.012
1573070591176,2019-11-06T15:03:11.176,27.380,-20.366,13.780,21.220
1573070591186,2019-11-06T15:03:11.186,27.390,-22.317,13.659,20.305
1573070591196,2019-11-06T15:03:11.196,27.400,-24.329,13.476,19.390
1573070591206,2019-11-06T15:03:11.206,27.410,-25.427,12.988,18.780
1573070591216,2019-11-06T15:03:11.216,27.420,-25.427,11.951,17.988
1573070591226,2019-11-06T15:03:11.226,27.430,-25.000,10.732,16.646
1573070591236,2019-11-06T15:03:11.236,27.440,-23.659,9.451,14.634
1573070591246,2019-11-06T15:03:11.246,27.450,-21.220,7.927,11.768
1573070591256,2019-11-06T15:03:11.256,27.460,-17.866,6.220,7.683
1573070591266,2019-11-06T15:03:11.266,27.470,-13.780,4.268,3.476
1573070591276,2019-11-06T15:03:11.276,27.480,-9.207,2.622,-0.183
1573070591286,2019-11-06T15:03:11.286,27.490,-4.695,0.732,-2.439
1573070591296,2019-11-06T15:03:11.296,27.500,-1.220,-1.220,-3.841
1573070591306,2019-11-06T15:03:11.306,27.510,0.244,-3.171,-5.610
1573070591316,2019-11-06T15:03:11.316,27.520,1.402,-5.000,-6.890
1573070591326,2019-11-06T15:03:11.326,27.530,2.500,-6.707,-7.988
1573070591336,2019-11-06T15:03:11.336,27.540,2.744,-8.537,-9.939
1573070591346,2019-11-06T15:03:11.346,27.550,2.317,-10.610,-12.622
1573070591356,2019-11-06T15:03:11.356,27.560,2.561,-12.927,-15.183
1573070591366,2019-11-06T15:03:11.366,27.570,4.878,-15.549,-16.707
1573070591376,2019-11-06T15:03:11.376,27.580,6.829,-18.963,-19.451
1573070591386,2019-11-06T15:03:11.386,27.590,7.439,-23.171,-21.829
1573070591396,2019-11-06T15:03:11.396,27.600,14.817,-27.134,-16.037
1573070591406,2019-11-06T15:03:11.406,27.610,23.171,-30.183,-6.402
1573070591416,2019-11-06T15:03:11.416,27.620,23.902,-31.646,0.366
1573070591426,2019-11-06T15:03:11.426,27.630,18.780,-30.793,3.415
1573070591436,2019-11-06T15:03:11.436,27.640,10.732,-28.476,3.354
1573070591446,2019-11-06T15:03:11.446,27.650,-0.122,-26.098,0.366
1573070591456,2019-11-06T15:03:11.456,27.660,-9.512,-23.841,-1.890
1573070591466,2019-11-06T15:03:11.466,27.670,-15.122,-22.256,-2.927
1573070591476,2019-11-06T15:03:11.476,27.680,-20.122,-21.098,-6.159
1573070591486,2019-11-06T15:03:11.486,27.690,-25.976,-19.939,-13.171
1573070591496,2019-11-06T15:03:11.496,27.700,-29.085,-19.329,-21.646
1573070591506,2019-11-06T15:03:11.506,27.710,-29.817,-20.061,-29.634
1573070591516,2019-11-06T15:03:11.516,27.720,-30.122,-21.768,-36.524
1573070591526,2019-11-06T15:03:11.526,27.730,-27.256,-23.232,-39.329
1573070591536,2019-11-06T15:03:11.536,27.740,-19.878,-24.268,-36.646
1573070591546,2019-11-06T15:03:11.546,27.750,-13.415,-24.573,-31.890
1573070591556,2019-11-06T15:03:11.556,27.760,-13.171,-23.963,-28.720
1573070591566,2019-11-06T15:03:11.566,27.770,-16.890,-22.622,-25.122
1573070591576,2019-11-06T15:03:11.576,27.780,-19.024,-20.610,-18.171
1573070591586,2019-11-06T15:03:11.586,27.790,-20.366,-18.415,-10.427
1573070591596,2019-11-06T15:03:11.596,27.800,-20.427,-15.915,-2.866
1573070591606,2019-11-06T15:03:11.606,27.810,-18.537,-13.171,3.720
1573070591616,2019-11-06T15:03:11.616,27.820,-17.439,-10.183,7.012
1573070591626,2019-11-06T15:03:11.626,27.830,-16.524,-7.256,7.439
1573070591636,2019-11-06T15:03:11.636,27.840,-14.512,-4.451,6.463
1573070591646,2019-11-06T15:03:11.646,27.850,-11.402,-2.012,4.695
1573070591656,2019-11-06T15:03:11.656,27.860,-8.293,-0.183,2.439
1573070591666,2019-11-06T15:03:11.666,27.870,-5.244,1.341,0.122
1573070591676,2019-11-06T15:03:11.676,27.880,-2.073,2.744,-0.671
1573070591686,2019-11-06T15:03:11.686,27.890,0.976,4.146,0.183
1573070591696,2019-11-06T15:03:11.696,27.900,3.232,5.854,2.805
1573070591706,2019-11-06T15:03:11.706,27.910,4.695,7.927,7.256
1573070591716,2019-11-06T15:03:11.716,27.920,5.671,10.488,13.171
1573070591726,2019-11-06T15:03:11.726,27.930,6.220,13.293,19.512
1573070591736,2019-11-06T15:03:11.736,27.940,5.183,16.341,24.207
1573070591746,2019-11-06T15:03:11.746,27.950,3.049,19.390,27.622
1573070591756,2019-11-06T15:03:11.756,27.960,1.768,22.439,30.854
1573070591766,2019-11-06T15:03:11.766,27.970,1.524,25.183,33.476
1573070591776,2019-11-06T15:03:11.776,27.980,2.012,27.805,34.878
1573070591786,2019-11-06T15:03:11.786,27.990,1.829,30.366,34.390
1573070591796,2019-11-06T15:03:11.796,28.000,-0.122,32.744,32.500
1573070591806,2019-11-06T15:03:11.806,28.010,-2.073,34.939,31.646
1573070591816,2019-11-06T15:03:11.816,28.020,-7.500,36.707,29.390
1573070591826,2019-11-06T15:03:11.826,28.030,-15.854,38.720,30.244
1573070591836,2019-11-06T15:03:11.836,28.040,-8.354,40.915,47.134
1573070591846,2019-11-06T15:03:11.846,28.050,3.598,42.073,64.573
1573070591856,2019-11-06T15:03:11.856,28.060,-3.293,43.354,63.354
1573070591866,2019-11-06T15:03:11.866,28.070,-17.012,45.427,53.780
1573070591876,2019-11-06T15:03:11.876,28.080,-18.476,46.341,52.561
1573070591886,2019-11-06T15:03:11.886,28.090,-9.634,45.549,57.622
1573070591896,2019-11-06T15:03:11.896,28.100,-6.280,44.390,55.549
1573070591906,2019-11-06T15:03:11.906,28.110,-7.378,43.902,49.146
1573070591916,2019-11-06T15:03:11.916,28.120,-3.841,43.110,45.000
1573070591926,2019-11-06T15:03:11.926,28.130,1.646,42.073,41.890
1573070591936,2019-11-06T15:03:11.936,28.140,5.854,41.585,37.744
1573070591946,2019-11-06T15:03:11.946,28.150,8.293,41.341,32.439
1573070591956,2019-11-06T15:03:11.956,28.160,9.634,41.646,27.073
1573070591966,2019-11-06T15:03:11.966,28.170,10.183,42.195,22.561
1573070591976,2019-11-06T15:03:11.976,28.180,9.512,42.805,19.146
1573070591986,2019-11-06T15:03:11.986,28.190,8.659,43.293,17.683
1573070591996,2019-11-06T15:03:11.996,28.200,8.049,43.720,18.537
1573070592006,2019-11-06T15:03:12.006,28.210,7.561,43.659,20.976
1573070592016,2019-11-06T15:03:12.016,28.220,7.744,43.049,24.512
1573070592026,2019-11-06T15:03:12.026,28.230,7.073,42.195,27.683
1573070592036,2019-11-06T15:03:12.036,28.240,4.512,41.220,29.817
1573070592046,2019-11-06T15:03:12.046,28.250,2.988,39.939,32.683
1573070592056,2019-11-06T15:03:12.056,28.260,2.073,38.598,35.427
1573070592066,2019-11-06T15:03:12.066,28.270,0.061,37.378,36.707
1573070592076,2019-11-06T15:03:12.076,28.280,-1.829,36.463,37.561
1573070592086,2019-11-06T15:03:12.086,28.290,-3.293,35.427,38.293
1573070592096,2019-11-06T15:03:12.096,28.300,-5.305,34.390,38.171
1573070592106,2019-11-06T15:03:12.106,28.310,-7.439,33.537,37.561
1573070592116,2019-11-06T15:03:12.116,28.320,-9.329,32.561,36.951
1573070592126,2019-11-06T15:03:12.126,28.330,-9.695,31.524,37.012
1573070592136,2019-11-06T15:03:12.136,28.340,-9.817,30.427,36.768
1573070592146,2019-11-06T15:03:12.146,28.350,-11.524,29.146,35.061
1573070592156,2019-11-06T15:03:12.156,28.360,-13.354,27.622,32.927
1573070592166,2019-11-06T15:03:12.166,28.370,-13.659,25.854,31.159
1573070592176,2019-11-06T15:03:12.176,28.380,-12.195,23.780,29.207
1573070592186,2019-11-06T15:03:12.186,28.390,-10.366,21.220,25.976
1573070592196,2019-11-06T15:03:12.196,28.400,-9.756,18.293,20.854
1573070592206,2019-11-06T15:03:12.206,28.410,-9.329,15.366,15.793
1573070592216,2019-11-06T15:03:12.216,28.420,-7.744,12.378,11.951
1573070592226,2019-11-06T15:03:12.226,28.430,-5.793,9.024,8.049
1573070592236,2019-11-06T15:03:12.236,28.440,-4.512,5.671,3.171
1573070592246,2019-11-06T15:03:12.246,28.450,-3.720,2.500,-2.561
1573070592256,2019-11-06T15:03:12.256,28.460,-2.317,-0.488,-8.598
1573070592266,2019-11-06T15:03:12.266,28.470,0.061,-3.659,-15.305
1573070592276,2019-11-06T15:03:12.276,28.480,2.500,-6.646,-23.598
1573070592286,2019-11-06T15:03:12.286,28.490,4.939,-9.573,-33.841
1573070592296,2019-11-06T15:03:12.296,28.500,6.463,-12.683,-45.793
1573070592306,2019-11-06T15:03:12.306,28.510,-1.280,-17.195,-62.073
1573070592316,2019-11-06T15:03:12.316,28.520,-7.378,-22.012,-67.195
1573070592326,2019-11-06T15:03:12.326,28.530,13.415,-26.159,-55.427
1573070592336,2019-11-06T15:03:12.336,28.540,25.061,-30.915,-51.159
1573070592346,2019-11-06T15:03:12.346,28.550,9.817,-33.659,-58.537
1573070592356,2019-11-06T15:03:12.356,28.560,3.110,-34.512,-58.841
1573070592366,2019-11-06T15:03:12.366,28.570,8.415,-35.854,-49.939
1573070592376,2019-11-06T15:03:12.376,28.580,9.024,-36.951,-43.171
1573070592386,2019-11-06T15:03:12.386,28.590,4.024,-36.463,-40.122
1573070592396,2019-11-06T15:03:12.396,28.600,-1.220,-35.427,-37.683
1573070592406,2019-11-06T15:03:12.406,28.610,-5.976,-34.329,-34.939
1573070592416,2019-11-06T15:03:12.416,28.620,-8.232,-33.049,-31.707
1573070592426,2019-11-06T15:03:12.426,28.630,-8.659,-31.768,-29.329
1573070592436,2019-11-06T15:03:12.436,28.640,-10.000,-30.549,-28.720
1573070592446,2019-11-06T15:03:12.446,28.650,-11.037,-29.146,-28.841
1573070592456,2019-11-06T15:03:12.456,28.660,-10.610,-27.744,-28.476
1573070592466,2019-11-06T15:03:12.466,28.670,-9.695,-26.524,-28.171
1573070592476,2019-11-06T15:03:12.476,28.680,-9.085,-25.671,-28.049
1573070592486,2019-11-06T15:03:12.486,28.690,-8.171,-25.000,-27.866
1573070592496,2019-11-06T15:03:12.496,28.700,-5.244,-24.512,-26.524
1573070592506,2019-11-06T15:03:12.506,28.710,-0.366,-24.268,-23.841
1573070592516,2019-11-06T15:03:12.516,28.720,4.329,-24.024,-20.915
1573070592526,2019-11-06T15:03:12.526,28.730,8.171,-23.720,-17.805
1573070592536,2019-11-06T15:03:12.536,28.740,16.280,-23.354,-13.415
1573070592546,2019-11-06T15:03:12.546,28.750,18.841,-23.659,-9.024
1573070592556,2019-11-06T15:03:12.556,28.760,15.732,-24.451,-5.122
1573070592566,2019-11-06T15:03:12.566,28.770,16.524,-24.512,-1.280
1573070592576,2019-11-06T15:03:12.576,28.780,17.317,-24.756,2.805
1573070592586,2019-11-06T15:03:12.586,28.790,17.988,-25.122,6.890
1573070592596,2019-11-06T15:03:12.596,28.800,18.598,-25.305,10.671
1573070592606,2019-11-06T15:03:12.606,28.810,18.537,-25.427,13.659
1573070592616,2019-11-06T15:03:12.616,28.820,18.659,-25.488,16.341
1573070592626,2019-11-06T15:03:12.626,28.830,18.902,-25.549,18.598
1573070592636,2019-11-06T15:03:12.636,28.840,19.451,-25.244,21.402
1573070592646,2019-11-06T15:03:12.646,28.850,18.841,-24.207,23.354
1573070592656,2019-11-06T15:03:12.656,28.860,16.890,-22.439,24.146
1573070592666,2019-11-06T15:03:12.666,28.870,14.695,-20.305,25.183
1573070592676,2019-11-06T15:03:12.676,28.880,12.500,-17.622,26.829
1573070592686,2019-11-06T15:03:12.686,28.890,9.939,-14.512,28.110
1573070592696,2019-11-06T15:03:12.696,28.900,7.744,-11.280,28.902
1573070592706,2019-11-06T15:03:12.706,28.910,7.439,-8.476,29.878
1573070592716,2019-11-06T15:03:12.716,28.920,8.537,-5.976,31.280
1573070592726,2019-11-06T15:03:12.726,28.930,10.793,-3.415,33.354
1573070592736,2019-11-06T15:03:12.736,28.940,13.110,-0.732,35.671
1573070592746,2019-11-06T15:03:12.746,28.950,13.354,2.195,36.707
1573070592756,2019-11-06T15:03:12.756,28.960,12.195,5.122,36.098
1573070592766,2019-11-06T15:03:12.766,28.970,11.585,7.805,34.451
1573070592776,2019-11-06T15:03:12.776,28.980,11.037,10.549,31.220
1573070592786,2019-11-06T15:03:12.786,28.990,10.122,13.415,26.829
1573070592796,2019-11-06T15:03:12.796,29.000,8.659,16.463,20.915
1573070592806,2019-11-06T15:03:12.806,29.010,7.256,19.329,13.659
1573070592816,2019-11-06T15:03:12.816,29.020,7.500,21.768,5.976
1573070592826,2019-11-06T15:03:12.826,29.030,0.305,23.537,-3.415
1573070592836,2019-11-06T15:03:12.836,29.040,-8.049,25.976,-4.451
1573070592846,2019-11-06T15:03:12.846,29.050,-2.317,28.110,6.402
1573070592856,2019-11-06T15:03:12.856,29.060,0.366,28.232,11.098
1573070592866,2019-11-06T15:03:12.866,29.070,-8.110,29.146,7.317
1573070592876,2019-11-06T15:03:12.876,29.080,-9.390,31.037,7.744
1573070592886,2019-11-06T15:03:12.886,29.090,-0.549,31.280,12.500
1573070592896,2019-11-06T15:03:12.896,29.100,5.671,30.732,13.537
1573070592906,2019-11-06T15:03:12.906,29.110,7.622,30.366,10.427
1573070592916,2019-11-06T15:03:12.916,29.120,9.817,29.939,5.854
1573070592926,2019-11-06T15:03:12.926,29.130,11.341,29.939,0.671
1573070592936,2019-11-06T15:03:12.936,29.140,12.683,30.793,-2.622
1573070592946,2019-11-06T15:03:12.946,29.150,14.817,32.195,-3.415
1573070592956,2019-11-06T15:03:12.956,29.160,15.976,33.415,-4.146
1573070592966,2019-11-06T15:03:12.966,29.170,15.366,34.878,-5.061
1573070592976,2019-11-06T15:03:12.976,29.180,14.573,36.463,-4.634
1573070592986,2019-11-06T15:03:12.986,29.190,13.598,37.744,-3.232
1573070592996,2019-11-06T15:03:12.996,29.200,12.134,38.659,-1.220
1573070593006,2019-11-06T15:03:13.006,29.210,10.488,39.329,1.037
1573070593016,2019-11-06T15:03:13.016,29.220,9.085,39.573,3.598
1573070593026,2019-11-06T15:03:13.026,29.230,8.293,39.329,6.524
1573070593036,2019-11-06T15:03:13.036,29.240,8.049,38.720,9.939
1573070593046,2019-11-06T15:03:13.046,29.250,7.988,37.805,13.415
1573070593056,2019-11-06T15:03:13.056,29.260,7.805,37.012,17.073
1573070593066,2019-11-06T15:03:13.066,29.270,7.317,36.098,20.427
1573070593076,2019-11-06T15:03:13.076,29.280,6.280,35.427,23.415
1573070593086,2019-11-06T15:03:13.086,29.290,4.512,34.756,25.976
1573070593096,2019-11-06T15:03:13.096,29.300,2.439,34.207,28.354
1573070593106,2019-11-06T15:03:13.106,29.310,0.549,33.659,30.793
1573070593116,2019-11-06T15:03:13.116,29.320,-1.585,33.354,32.744
1573070593126,2019-11-06T15:03:13.126,29.330,-3.963,33.110,34.878
1573070593136,2019-11-06T15:03:13.136,29.340,-5.732,32.683,37.073
1573070593146,2019-11-06T15:03:13.146,29.350,-6.951,32.195,39.146
1573070593156,2019-11-06T15:03:13.156,29.360,-8.659,31.585,41.402
1573070593166,2019-11-06T15:03:13.166,29.370,-9.634,30.732,43.963
1573070593176,2019-11-06T15:03:13.176,29.380,-10.244,29.695,46.220
1573070593186,2019-11-06T15:03:13.186,29.390,-11.402,28.720,47.317
1573070593196,2019-11-06T15:03:13.196,29.400,-12.378,27.500,48.049
1573070593206,2019-11-06T15:03:13.206,29.410,-12.500,26.098,48.841
1573070593216,2019-11-06T15:03:13.216,29.420,-12.561,24.756,48.476
1573070593226,2019-11-06T15:03:13.226,29.430,-13.110,23.110,46.524
1573070593236,2019-11-06T15:03:13.236,29.440,-13.537,21.463,43.902
1573070593246,2019-11-06T15:03:13.246,29.450,-13.110,19.756,41.402
1573070593256,2019-11-06T15:03:13.256,29.460,-12.622,18.049,38.232
1573070593266,2019-11-06T15:03:13.266,29.470,-12.805,16.098,34.512
1573070593276,2019-11-06T15:03:13.276,29.480,-12.012,13.963,31.463
1573070593286,2019-11-06T15:03:13.286,29.490,-10.854,11.524,28.598
1573070593296,2019-11-06T15:03:13.296,29.500,-10.061,8.902,25.854
1573070593306,2019-11-06T15:03:13.306,29.510,-7.866,6.524,23.841
1573070593316,2019-11-06T15:03:13.316,29.520,-4.451,4.024,21.890
1573070593326,2019-11-06T15:03:13.326,29.530,-1.707,1.524,18.415
1573070593336,2019-11-06T15:03:13.336,29.540,1.707,-0.793,13.841
1573070593346,2019-11-06T15:03:13.346,29.550,4.817,-3.780,7.744
1573070593356,2019-11-06T15:03:13.356,29.560,3.293,-7.683,-0.610
1573070593366,2019-11-06T15:03:13.366,29.570,0.549,-11.646,-3.963
1573070593376,2019-11-06T15:03:13.376,29.580,17.073,-14.085,-1.951
1573070593386,2019-11-06T15:03:13.386,29.590,21.037,-17.439,-2.744
1573070593396,2019-11-06T15:03:13.396,29.600,14.878,-20.061,-5.549
1573070593406,2019-11-06T15:03:13.406,29.610,12.134,-21.829,-4.695
1573070593416,2019-11-06T15:03:13.416,29.620,12.134,-23.415,-1.220
1573070593426,2019-11-06T15:03:13.426,29.630,10.488,-24.512,1.951
1573070593436,2019-11-06T15:03:13.436,29.640,7.500,-25.000,3.659
1573070593446,2019-11-06T15:03:13.446,29.650,4.329,-25.122,3.476
1573070593456,2019-11-06T15:03:13.456,29.660,1.341,-24.695,0.427
1573070593466,2019-11-06T15:03:13.466,29.670,-6.524,-24.512,-5.732
1573070593476,2019-11-06T15:03:13.476,29.680,-16.707,-24.085,-11.829
1573070593486,2019-11-06T15:03:13.486,29.690,-20.915,-23.293,-15.549
1573070593496,2019-11-06T15:03:13.496,29.700,-23.293,-23.049,-19.024
1573070593506,2019-11-06T15:03:13.506,29.710,-26.098,-22.988,-24.207
1573070593516,2019-11-06T15:03:13.516,29.720,-27.073,-22.988,-29.146
1573070593526,2019-11-06T15:03:13.526,29.730,-25.976,-23.598,-33.415
1573070593536,2019-11-06T15:03:13.536,29.740,-24.512,-24.573,-37.866
1573070593546,2019-11-06T15:03:13.546,29.750,-22.012,-26.098,-42.012
1573070593556,2019-11-06T15:03:13.556,29.760,-18.415,-27.622,-45.183
1573070593566,2019-11-06T15:03:13.566,29.770,-13.415,-29.024,-46.341
1573070593576,2019-11-06T15:03:13.576,29.780,-7.500,-30.427,-45.854
1573070593586,2019-11-06T15:03:13.586,29.790,-2.683,-31.463,-44.329
1573070593596,2019-11-06T15:03:13.596,29.800,1.463,-32.317,-41.768
1573070593606,2019-11-06T15:03:13.606,29.810,5.122,-32.927,-37.988
1573070593616,2019-11-06T15:03:13.616,29.820,7.378,-33.720,-33.476
1573070593626,2019-11-06T15:03:13.626,29.830,8.537,-34.634,-28.476
1573070593636,2019-11-06T15:03:13.636,29.840,8.841,-35.366,-23.354
1573070593646,2019-11-06T15:03:13.646,29.850,8.171,-36.220,-18.049
1573070593656,2019-11-06T15:03:13.656,29.860,6.768,-37.256,-12.988
1573070593666,2019-11-06T15:03:13.666,29.870,6.159,-38.354,-7.683
1573070593676,2019-11-06T15:03:13.676,29.880,6.159,-39.817,-2.866
1573070593686,2019-11-06T15:03:13.686,29.890,6.220,-41.402,0.915
1573070593696,2019-11-06T15:03:13.696,29.900,6.524,-42.622,3.354
1573070593706,2019-11-06T15:03:13.706,29.910,8.110,-43.171,5.061
1573070593716,2019-11-06T15:03:13.716,29.920,10.671,-43.476,6.220
1573070593726,2019-11-06T15:03:13.726,29.930,12.500,-43.902,5.854
1573070593736,2019-11-06T15:03:13.736,29.940,13.780,-44.085,4.695
1573070593746,2019-11-06T15:03:13.746,29.950,15.305,-44.512,4.024
1573070593756,2019-11-06T15:03:13.756,29.960,16.341,-44.878,4.024
1573070593766,2019-11-06T15:03:13.766,29.970,15.488,-44.939,3.659
1573070593776,2019-11-06T15:03:13.776,29.980,12.866,-44.573,3.110
1573070593786,2019-11-06T15:03:13.786,29.990,10.549,-43.659,4.024
1573070593796,2019-11-06T15:03:13.796,30.000,8.537,-42.256,6.280
1573070593806,2019-11-06T15:03:13.806,30.010,5.000,-40.732,7.988
1573070593816,2019-11-06T15:03:13.816,30.020,0.000,-38.476,8.110
1573070593826,2019-11-06T15:03:13.826,30.030,-5.488,-35.122,7.317
1573070593836,2019-11-06T15:03:13.836,30.040,-10.305,-30.793,6.463
1573070593846,2019-11-06T15:03:13.846,30.050,-13.537,-25.610,5.122
1573070593856,2019-11-06T15:03:13.856,30.060,-16.951,-19.878,1.707
1573070593866,2019-11-06T15:03:13.866,30.070,-20.854,-13.659,-3.780
1573070593876,2019-11-06T15:03:13.876,30.080,-24.390,-7.500,-10.305
1573070593886,2019-11-06T15:03:13.886,30.090,-26.524,-1.098,-16.341
1573070593896,2019-11-06T15:03:13.896,30.100,-27.012,5.610,-21.890
1573070593906,2019-11-06T15:03:13.906,30.110,-30.488,12.805,-28.780
1573070593916,2019-11-06T15:03:13.916,30.120,-35.122,19.939,-30.366
1573070593926,2019-11-06T15:03:13.926,30.130,-30.976,24.451,-21.829
1573070593936,2019-11-06T15:03:13.936,30.140,-27.927,26.341,-15.915
1573070593946,2019-11-06T15:03:13.946,30.150,-35.366,28.659,-16.341
1573070593956,2019-11-06T15:03:13.956,30.160,-40.366,31.280,-13.598
1573070593966,2019-11-06T15:03:13.966,30.170,-36.280,32.317,-6.341
1573070593976,2019-11-06T15:03:13.976,30.180,-29.390,32.439,-0.427
1573070593986,2019-11-06T15:03:13.986,30.190,-24.390,32.927,1.402
1573070593996,2019-11-06T15:03:13.996,30.200,-20.610,34.146,0.366
1573070594006,2019-11-06T15:03:14.006,30.210,-17.744,36.098,-2.744
1573070594016,2019-11-06T15:03:14.016,30.220,-17.378,38.902,-7.073
1573070594026,2019-11-06T15:03:14.026,30.230,-18.659,41.829,-10.244
1573070594036,2019-11-06T15:03:14.036,30.240,-19.512,44.329,-11.951
1573070594046,2019-11-06T15:03:14.046,30.250,-20.488,46.341,-12.439
1573070594056,2019-11-06T15:03:14.056,30.260,-21.829,48.049,-12.012
1573070594066,2019-11-06T15:03:14.066,30.270,-22.805,49.634,-10.671
1573070594076,2019-11-06T15:03:14.076,30.280,-23.841,51.220,-9.085
1573070594086,2019-11-06T15:03:14.086,30.290,-25.305,52.683,-6.951
1573070594096,2019-11-06T15:03:14.096,30.300,-26.098,53.963,-4.512
1573070594106,2019-11-06T15:03:14.106,30.310,-26.220,55.183,-1.768
1573070594116,2019-11-06T15:03:14.116,30.320,-25.976,56.037,0.976
1573070594126,2019-11-06T15:03:14.126,30.330,-25.244,56.463,4.024
1573070594136,2019-11-06T15:03:14.136,30.340,-23.902,56.646,7.134
1573070594146,2019-11-06T15:03:14.146,30.350,-22.744,56.707,9.756
1573070594156,2019-11-06T15:03:14.156,30.360,-22.012,56.463,12.012
1573070594166,2019-11-06T15:03:14.166,30.370,-20.549,55.793,14.512
1573070594176,2019-11-06T15:03:14.176,30.380,-18.720,55.061,17.256
1573070594186,2019-11-06T15:03:14.186,30.390,-17.134,54.268,20.000
1573070594196,2019-11-06T15:03:14.196,30.400,-16.037,53.293,22.256
1573070594206,2019-11-06T15:03:14.206,30.410,-15.671,52.378,23.720
1573070594216,2019-11-06T15:03:14.216,30.420,-15.854,51.524,25.122
1573070594226,2019-11-06T15:03:14.226,30.430,-16.280,50.610,26.890
1573070594236,2019-11-06T15:03:14.236,30.440,-16.890,49.573,28.720
1573070594246,2019-11-06T15:03:14.246,30.450,-17.622,48.537,30.793
1573070594256,2019-11-06T15:03:14.256,30.460,-18.476,47.439,33.171
1573070594266,2019-11-06T15:03:14.266,30.470,-19.817,46.037,34.695
1573070594276,2019-11-06T15:03:14.276,30.480,-21.280,44.695,35.732
1573070594286,2019-11-06T15:03:14.286,30.490,-22.439,43.537,36.402
1573070594296,2019-11-06T15:03:14.296,30.500,-22.927,42.439,36.402
1573070594306,2019-11-06T15:03:14.306,30.510,-22.744,41.890,35.793
1573070594316,2019-11-06T15:03:14.316,30.520,-22.805,42.012,34.146
1573070594326,2019-11-06T15:03:14.326,30.530,-23.293,42.500,31.220
1573070594336,2019-11-06T15:03:14.336,30.540,-22.561,43.049,27.561
1573070594346,2019-11-06T15:03:14.346,30.550,-19.695,43.598,23.720
1573070594356,2019-11-06T15:03:14.356,30.560,-16.098,44.512,20.183
1573070594366,2019-11-06T15:03:14.366,30.570,-14.085,45.793,17.378
1573070594376,2019-11-06T15:03:14.376,30.580,-16.768,47.256,15.061
1573070594386,2019-11-06T15:03:14.386,30.590,-22.500,48.598,14.024
1573070594396,2019-11-06T15:03:14.396,30.600,-28.354,48.963,15.061
1573070594406,2019-11-06T15:03:14.406,30.610,-35.000,48.659,16.890
1573070594416,2019-11-06T15:03:14.416,30.620,-41.890,48.354,18.659
1573070594426,2019-11-06T15:03:14.426,30.630,-46.646,47.744,20.427
1573070594436,2019-11-06T15:03:14.436,30.640,-49.512,46.646,21.829
1573070594446,2019-11-06T15:03:14.446,30.650,-50.305,45.793,22.439
1573070594456,2019-11-06T15:03:14.456,30.660,-48.780,44.756,22.134
1573070594466,2019-11-06T15:03:14.466,30.670,-45.122,43.415,21.098
1573070594476,2019-11-06T15:03:14.476,30.680,-40.488,42.012,19.390
1573070594486,2019-11-06T15:03:14.486,30.690,-37.195,40.793,16.280
1573070594496,2019-11-06T15:03:14.496,30.700,-31.951,40.000,12.927
1573070594506,2019-11-06T15:03:14.506,30.710,-25.488,38.841,8.780
1573070594516,2019-11-06T15:03:14.516,30.720,-31.098,36.646,-3.110
1573070594526,2019-11-06T15:03:14.526,30.730,-41.951,35.427,-12.500
1573070594536,2019-11-06T15:03:14.536,30.740,-37.622,33.902,-8.049
1573070594546,2019-11-06T15:03:14.546,30.750,-30.549,30.183,-2.744
1573070594556,2019-11-06T15:03:14.556,30.760,-33.537,27.500,-4.024
1573070594566,2019-11-06T15:03:14.566,30.770,-35.915,26.159,-4.329
1573070594576,2019-11-06T15:03:14.576,30.780,-31.524,25.061,1.220
1573070594586,2019-11-06T15:03:14.586,30.790,-27.073,24.573,6.829
1573070594596,2019-11-06T15:03:14.596,30.800,-31.159,25.793,6.159
1573070594606,2019-11-06T15:03:14.606,30.810,-40.854,28.537,2.134
1573070594616,2019-11-06T15:03:14.616,30.820,-45.427,30.793,2.195
1573070594626,2019-11-06T15:03:14.626,30.830,-43.171,32.317,5.000
1573070594636,2019-11-06T15:03:14.636,30.840,-41.098,33.963,5.488
1573070594646,2019-11-06T15:03:14.646,30.850,-41.098,35.610,3.049
1573070594656,2019-11-06T15:03:14.656,30.860,-40.122,37.073,1.159
1573070594666,2019-11-06T15:03:14.666,30.870,-36.524,38.780,1.890
1573070594676,2019-11-06T15:03:14.676,30.880,-32.561,39.939,3.049
1573070594686,2019-11-06T15:03:14.686,30.890,-29.390,40.244,4.146
1573070594696,2019-11-06T15:03:14.696,30.900,-26.341,40.061,6.098
1573070594706,2019-11-06T15:03:14.706,30.910,-23.415,39.939,8.963
1573070594716,2019-11-06T15:03:14.716,30.920,-20.244,39.939,13.110
1573070594726,2019-11-06T15:03:14.726,30.930,-17.622,39.512,16.951
1573070594736,2019-11-06T15:03:14.736,30.940,-17.073,38.659,19.268
1573070594746,2019-11-06T15:03:14.746,30.950,-17.622,37.744,21.220
1573070594756,2019-11-06T15:03:14.756,30.960,-17.317,36.707,23.476
1573070594766,2019-11-06T15:03:14.766,30.970,-15.854,35.488,25.427
1573070594776,2019-11-06T15:03:14.776,30.980,-14.512,33.902,25.732
1573070594786,2019-11-06T15:03:14.786,30.990,-13.415,32.378,24.329
1573070594796,2019-11-06T15:03:14.796,31.000,-12.134,31.098,22.439
1573070594806,2019-11-06T15:03:14.806,31.010,-10.366,29.878,20.854
1573070594816,2019-11-06T15:03:14.816,31.020,-7.683,28.354,20.061
1573070594826,2019-11-06T15:03:14.826,31.030,-4.390,26.646,19.451
1573070594836,2019-11-06T15:03:14.836,31.040,-0.976,25.183,18.659
1573070594846,2019-11-06T15:03:14.846,31.050,1.646,23.841,17.683
1573070594856,2019-11-06T15:03:14.856,31.060,3.415,22.866,16.890
1573070594866,2019-11-06T15:03:14.866,31.070,4.512,22.317,16.402
1573070594876,2019-11-06T15:03:14.876,31.080,5.732,21.768,16.646
1573070594886,2019-11-06T15:03:14.886,31.090,6.524,21.220,17.134
1573070594896,2019-11-06T15:03:14.896,31.100,5.732,21.098,17.439
1573070594906,2019-11-06T15:03:14.906,31.110,4.085,20.976,17.866
1573070594916,2019-11-06T15:03:14.916,31.120,1.951,21.159,18.415
1573070594926,2019-11-06T15:03:14.926,31.130,-0.732,21.402,19.024
1573070594936,2019-11-06T15:03:14.936,31.140,-2.988,21.951,20.061
1573070594946,2019-11-06T15:03:14.946,31.150,-4.329,22.805,21.585
1573070594956,2019-11-06T15:03:14.956,31.160,-6.159,23.841,22.439
1573070594966,2019-11-06T15:03:14.966,31.170,-8.902,24.939,22.317
1573070594976,2019-11-06T15:03:14.976,31.180,-11.341,26.463,22.744
1573070594986,2019-11-06T15:03:14.986,31.190,-11.280,28.232,25.061
1573070594996,2019-11-06T15:03:14.996,31.200,-11.037,29.817,26.646
1573070595006,2019-11-06T15:03:15.006,31.210,-11.524,31.585,27.134
1573070595016,2019-11-06T15:03:15.016,31.220,-10.854,33.476,27.500
1573070595026,2019-11-06T15:03:15.026,31.230,-10.183,35.793,27.378
1573070595036,2019-11-06T15:03:15.036,31.240,-9.634,38.780,27.378
1573070595046,2019-11-06T15:03:15.046,31.250,-8.415,42.439,27.195
1573070595056,2019-11-06T15:03:15.056,31.260,-7.195,46.280,25.732
1573070595066,2019-11-06T15:03:15.066,31.270,-5.549,50.427,23.354
1573070595076,2019-11-06T15:03:15.076,31.280,-3.232,54.695,20.854
1573070595086,2019-11-06T15:03:15.086,31.290,-1.402,58.902,18.780
1573070595096,2019-11-06T15:03:15.096,31.300,0.061,63.232,18.354
1573070595106,2019-11-06T15:03:15.106,31.310,-3.902,67.378,16.646
1573070595116,2019-11-06T15:03:15.116,31.320,-12.744,72.256,17.561
1573070595126,2019-11-06T15:03:15.126,31.330,-12.439,77.073,29.329
1573070595136,2019-11-06T15:03:15.136,31.340,-4.268,79.329,42.378
1573070595146,2019-11-06T15:03:15.146,31.350,-4.573,80.183,44.634
1573070595156,2019-11-06T15:03:15.156,31.360,-8.049,81.829,43.293
1573070595166,2019-11-06T15:03:15.166,31.370,-2.439,83.049,47.134
1573070595176,2019-11-06T15:03:15.176,31.380,9.939,82.683,53.537
1573070595186,2019-11-06T15:03:15.186,31.390,17.866,81.829,53.354
1573070595196,2019-11-06T15:03:15.196,31.400,20.793,81.524,47.317
1573070595206,2019-11-06T15:03:15.206,31.410,23.841,81.463,41.768
1573070595216,2019-11-06T15:03:15.216,31.420,28.780,81.159,39.756
1573070595226,2019-11-06T15:03:15.226,31.430,33.720,80.671,39.024
1573070595236,2019-11-06T15:03:15.236,31.440,35.244,80.061,36.341
1573070595246,2019-11-06T15:03:15.246,31.450,33.354,79.573,32.866
1573070595256,2019-11-06T15:03:15.256,31.460,31.646,79.451,31.707
1573070595266,2019-11-06T15:03:15.266,31.470,30.366,79.207,32.561
1573070595276,2019-11-06T15:03:15.276,31.480,27.561,78.537,33.598
1573070595286,2019-11-06T15:03:15.286,31.490,23.537,77.500,34.756
1573070595296,2019-11-06T15:03:15.296,31.500,19.756,76.098,36.280
1573070595306,2019-11-06T15:03:15.306,31.510,16.524,74.146,38.537
1573070595316,2019-11-06T15:03:15.316,31.520,14.024,71.829,41.220
1573070595326,2019-11-06T15:03:15.326,31.530,12.317,69.146,44.268
1573070595336,2019-11-06T15:03:15.336,31.540,11.585,66.280,47.134
1573070595346,2019-11-06T15:03:15.346,31.550,11.707,63.476,49.756
1573070595356,2019-11-06T15:03:15.356,31.560,12.134,60.732,51.829
1573070595366,2019-11-06T15:03:15.366,31.570,12.317,58.537,53.415
1573070595376,2019-11-06T15:03:15.376,31.580,12.439,56.829,54.695
1573070595386,2019-11-06T15:03:15.386,31.590,11.951,55.793,55.244
1573070595396,2019-11-06T15:03:15.396,31.600,10.366,55.366,55.000
1573070595406,2019-11-06T15:03:15.406,31.610,8.537,55.305,54.268
1573070595416,2019-11-06T15:03:15.416,31.620,7.500,55.549,53.415
1573070595426,2019-11-06T15:03:15.426,31.630,6.524,55.610,52.500
1573070595436,2019-11-06T15:03:15.436,31.640,5.122,55.549,51.220
1573070595446,2019-11-06T15:03:15.446,31.650,2.805,55.671,50.122
1573070595456,2019-11-06T15:03:15.456,31.660,-0.793,56.341,49.390
1573070595466,2019-11-06T15:03:15.466,31.670,-5.305,57.012,48.841
1573070595476,2019-11-06T15:03:15.476,31.680,-8.415,57.256,49.268
1573070595486,2019-11-06T15:03:15.486,31.690,-9.817,57.439,51.220
1573070595496,2019-11-06T15:03:15.496,31.700,-10.488,57.622,54.146
1573070595506,2019-11-06T15:03:15.506,31.710,-11.890,57.256,55.976
1573070595516,2019-11-06T15:03:15.516,31.720,-13.720,55.976,56.890
1573070595526,2019-11-06T15:03:15.526,31.730,-12.378,53.902,58.659
1573070595536,2019-11-06T15:03:15.536,31.740,-9.390,51.220,59.512
1573070595546,2019-11-06T15:03:15.546,31.750,-7.622,48.537,57.805
1573070595556,2019-11-06T15:03:15.556,31.760,-5.732,46.037,55.793
1573070595566,2019-11-06T15:03:15.566,31.770,-2.439,43.537,53.963
1573070595576,2019-11-06T15:03:15.576,31.780,1.280,40.976,50.305
1573070595586,2019-11-06T15:03:15.586,31.790,4.024,38.659,44.207
1573070595596,2019-11-06T15:03:15.596,31.800,6.463,36.524,36.585
1573070595606,2019-11-06T15:03:15.606,31.810,10.793,34.634,28.720
1573070595616,2019-11-06T15:03:15.616,31.820,17.378,33.354,20.183
1573070595626,2019-11-06T15:03:15.626,31.830,17.744,32.012,6.098
1573070595636,2019-11-06T15:03:15.636,31.840,12.622,31.524,-6.341
1573070595646,2019-11-06T15:03:15.646,31.850,19.939,31.890,-3.537
1573070595656,2019-11-06T15:03:15.656,31.860,28.598,30.305,2.256
1573070595666,2019-11-06T15:03:15.666,31.870,19.512,28.780,-2.561
1573070595676,2019-11-06T15:03:15.676,31.880,10.671,29.878,-5.671
1573070595686,2019-11-06T15:03:15.686,31.890,12.439,30.549,-0.732
1573070595696,2019-11-06T15:03:15.696,31.900,13.537,30.427,3.598
1573070595706,2019-11-06T15:03:15.706,31.910,11.524,30.244,4.207
1573070595716,2019-11-06T15:03:15.716,31.920,9.695,29.817,3.537
1573070595726,2019-11-06T15:03:15.726,31.930,5.732,29.695,1.707
1573070595736,2019-11-06T15:03:15.736,31.940,0.427,30.549,0.610
1573070595746,2019-11-06T15:03:15.746,31.950,-3.780,31.463,1.707
1573070595756,2019-11-06T15:03:15.756,31.960,-6.585,32.012,2.927
1573070595766,2019-11-06T15:03:15.766,31.970,-8.537,32.500,3.902
1573070595776,2019-11-06T15:03:15.776,31.980,-9.146,32.988,5.061
1573070595786,2019-11-06T15:03:15.786,31.990,-8.476,33.354,6.280
1573070595796,2019-11-06T15:03:15.796,32.000,-7.805,33.537,6.646
1573070595806,2019-11-06T15:03:15.806,32.010,-6.707,33.232,6.159
1573070595816,2019-11-06T15:03:15.816,32.020,-4.756,32.622,6.037
1573070595826,2019-11-06T15:03:15.826,32.030,-1.707,31.402,7.195
1573070595836,2019-11-06T15:03:15.836,32.040,2.744,29.939,10.427
1573070595846,2019-11-06T15:03:15.846,32.050,5.610,28.598,14.085
1573070595856,2019-11-06T15:03:15.856,32.060,6.951,28.049,17.622
1573070595866,2019-11-06T15:03:15.866,32.070,8.476,27.439,21.829
1573070595876,2019-11-06T15:03:15.876,32.080,9.695,26.585,26.341
1573070595886,2019-11-06T15:03:15.886,32.090,9.512,25.122,29.695
1573070595896,2019-11-06T15:03:15.896,32.100,8.902,23.598,32.256
1573070595906,2019-11-06T15:03:15.906,32.110,8.963,22.256,35.061
1573070595916,2019-11-06T15:03:15.916,32.120,9.268,21.159,37.805
1573070595926,2019-11-06T15:03:15.926,32.130,8.720,20.366,39.024
1573070595936,2019-11-06T15:03:15.936,32.140,6.829,19.878,38.537
1573070595946,2019-11-06T15:03:15.946,32.150,5.488,19.268,37.500
1573070595956,2019-11-06T15:03:15.956,32.160,5.793,18.415,36.951
1573070595966,2019-11-06T15:03:15.966,32.170,7.012,17.256,36.463
1573070595976,2019-11-06T15:03:15.976,32.180,6.768,15.854,35.000
1573070595986,2019-11-06T15:03:15.986,32.190,7.073,14.268,34.878
1573070595996,2019-11-06T15:03:15.996,32.200,9.024,12.622,36.707
1573070596006,2019-11-06T15:03:16.006,32.210,9.085,10.976,38.841
1573070596016,2019-11-06T15:03:16.016,32.220,7.439,9.329,41.463
1573070596026,2019-11-06T15:03:16.026,32.230,5.915,7.927,45.244
1573070596036,2019-11-06T15:03:16.036,32.240,3.110,6.646,47.988
1573070596046,2019-11-06T15:03:16.046,32.250,-1.159,5.366,49.634
1573070596056,2019-11-06T15:03:16.056,32.260,-4.451,4.329,51.585
1573070596066,2019-11-06T15:03:16.066,32.270,-7.988,3.598,52.134
1573070596076,2019-11-06T15:03:16.076,32.280,-11.037,3.110,50.732
1573070596086,2019-11-06T15:03:16.086,32.290,-11.890,2.927,48.232
1573070596096,2019-11-06T15:03:16.096,32.300,-11.890,3.659,43.902
1573070596106,2019-11-06T15:03:16.106,32.310,-11.585,5.000,37.866
1573070596116,2019-11-06T15:03:16.116,32.320,-10.122,7.744,31.098
1573070596126,2019-11-06T15:03:16.126,32.330,-8.049,11.890,24.085
1573070596136,2019-11-06T15:03:16.136,32.340,-5.305,17.012,17.073
1573070596146,2019-11-06T15:03:16.146,32.350,-3.049,22.317,9.695
1573070596156,2019-11-06T15:03:16.156,32.360,-5.427,29.085,3.598
1573070596166,2019-11-06T15:03:16.166,32.370,-5.122,37.073,5.732
1573070596176,2019-11-06T15:03:16.176,32.380,-5.671,42.378,9.085
1573070596186,2019-11-06T15:03:16.186,32.390,-13.110,45.488,6.037
1573070596196,2019-11-06T15:03:16.196,32.400,-17.256,47.744,2.866
1573070596206,2019-11-06T15:03:16.206,32.410,-12.622,47.805,2.317
1573070596216,2019-11-06T15:03:16.216,32.420,-4.329,45.671,0.122
1573070596226,2019-11-06T15:03:16.226,32.430,3.354,42.683,-5.427
1573070596236,2019-11-06T15:03:16.236,32.440,10.549,39.756,-12.683
1573070596246,2019-11-06T15:03:16.246,32.450,18.232,36.768,-20.549
1573070596256,2019-11-06T15:03:16.256,32.460,23.720,34.329,-28.720
1573070596266,2019-11-06T15:03:16.266,32.470,25.549,33.049,-35.427
1573070596276,2019-11-06T15:03:16.276,32.480,25.549,32.073,-39.268
1573070596286,2019-11-06T15:03:16.286,32.490,23.720,31.159,-41.220
1573070596296,2019-11-06T15:03:16.296,32.500,20.305,30.427,-41.768
1573070596306,2019-11-06T15:03:16.306,32.510,16.159,29.451,-40.732
1573070596316,2019-11-06T15:03:16.316,32.520,12.561,27.866,-38.354
1573070596326,2019-11-06T15:03:16.326,32.530,9.939,25.610,-35.366
1573070596336,2019-11-06T15:03:16.336,32.540,7.500,22.683,-33.110
1573070596346,2019-11-06T15:03:16.346,32.550,4.268,19.207,-32.683
1573070596356,2019-11-06T15:03:16.356,32.560,1.402,15.732,-32.622
1573070596366,2019-11-06T15:03:16.366,32.570,0.061,11.768,-31.585
1573070596376,2019-11-06T15:03:16.376,32.580,-1.037,7.561,-30.244
1573070596386,2019-11-06T15:03:16.386,32.590,-2.256,3.110,-29.390
1573070596396,2019-11-06T15:03:16.396,32.600,-2.805,-1.220,-29.085
1573070596406,2019-11-06T15:03:16.406,32.610,-3.659,-5.183,-28.902
1573070596416,2019-11-06T15:03:16.416,32.620,-4.817,-8.415,-29.085
1573070596426,2019-11-06T15:03:16.426,32.630,-6.524,-11.341,-29.756
1573070596436,2019-11-06T15:03:16.436,32.640,-9.146,-14.329,-30.366
1573070596446,2019-11-06T15:03:16.446,32.650,-11.829,-17.378,-30.549
1573070596456,2019-11-06T15:03:16.456,32.660,-14.817,-20.061,-30.061
1573070596466,2019-11-06T15:03:16.466,32.670,-17.256,-22.622,-28.659
1573070596476,2019-11-06T15:03:16.476,32.680,-19.878,-24.512,-27.012
1573070596486,2019-11-06T15:03:16.486,32.690,-22.866,-25.488,-25.183
1573070596496,2019-11-06T15:03:16.496,32.700,-24.207,-25.915,-22.866
1573070596506,2019-11-06T15:03:16.506,32.710,-24.390,-25.549,-20.366
1573070596516,2019-11-06T15:03:16.516,32.720,-25.244,-24.451,-18.537
1573070596526,2019-11-06T15:03:16.526,32.730,-26.463,-22.866,-17.317
1573070596536,2019-11-06T15:03:16.536,32.740,-27.134,-21.098,-15.488
1573070596546,2019-11-06T15:03:16.546,32.750,-27.744,-19.085,-12.988
1573070596556,2019-11-06T15:03:16.556,32.760,-28.841,-16.646,-10.732
1573070596566,2019-11-06T15:03:16.566,32.770,-29.207,-14.146,-7.805
1573070596576,2019-11-06T15:03:16.576,32.780,-28.354,-11.646,-5.122
1573070596586,2019-11-06T15:03:16.586,32.790,-27.195,-9.268,-3.476
1573070596596,2019-11-06T15:03:16.596,32.800,-26.098,-7.195,-2.012
1573070596606,2019-11-06T15:03:16.606,32.810,-23.171,-5.854,0.061
1573070596616,2019-11-06T15:03:16.616,32.820,-19.146,-5.366,2.378
1573070596626,2019-11-06T15:03:16.626,32.830,-15.244,-5.488,4.451
1573070596636,2019-11-06T15:03:16.636,32.840,-11.098,-6.280,6.585
1573070596646,2019-11-06T15:03:16.646,32.850,-7.927,-7.378,7.805
1573070596656,2019-11-06T15:03:16.656,32.860,-5.244,-8.598,8.415
1573070596666,2019-11-06T15:03:16.666,32.870,-2.195,-9.817,8.415
1573070596676,2019-11-06T15:03:16.676,32.880,0.549,-10.793,7.073
1573070596686,2019-11-06T15:03:16.686,32.890,3.049,-11.463,5.366
1573070596696,2019-11-06T15:03:16.696,32.900,6.280,-12.134,2.500
1573070596706,2019-11-06T15:03:16.706,32.910,7.744,-13.232,-3.841
1573070596716,2019-11-06T15:03:16.716,32.920,5.305,-14.756,-13.049
1573070596726,2019-11-06T15:03:16.726,32.930,8.049,-16.768,-16.037
1573070596736,2019-11-06T15:03:16.736,32.940,14.878,-19.939,-14.207
1573070596746,2019-11-06T15:03:16.746,32.950,16.159,-23.293,-15.671
1573070596756,2019-11-06T15:03:16.756,32.960,11.463,-26.341,-20.549
1573070596766,2019-11-06T15:03:16.766,32.970,10.183,-29.329,-21.402
1573070596776,2019-11-06T15:03:16.776,32.980,12.683,-32.622,-18.598
1573070596786,2019-11-06T15:03:16.786,32.990,13.293,-35.549,-17.012
1573070596796,2019-11-06T15:03:16.796,33.000,11.768,-38.171,-17.195
1573070596806,2019-11-06T15:03:16.806,33.010,10.061,-40.549,-18.537
1573070596816,2019-11-06T15:03:16.816,33.020,6.768,-42.317,-22.012
1573070596826,2019-11-06T15:03:16.826,33.030,0.671,-43.293,-27.805
1573070596836,2019-11-06T15:03:16.836,33.040,-6.098,-43.963,-33.171
1573070596846,2019-11-06T15:03:16.846,33.050,-11.402,-44.573,-35.976
1573070596856,2019-11-06T15:03:16.856,33.060,-14.939,-45.244,-37.134
1573070596866,2019-11-06T15:03:16.866,33.070,-17.805,-46.098,-38.659
1573070596876,2019-11-06T15:03:16.876,33.080,-19.390,-47.317,-40.610
1573070596886,2019-11-06T15:03:16.886,33.090,-18.720,-48.902,-41.707
1573070596896,2019-11-06T15:03:16.896,33.100,-16.220,-51.037,-41.951
1573070596906,2019-11-06T15:03:16.906,33.110,-12.195,-53.720,-41.951
1573070596916,2019-11-06T15:03:16.916,33.120,-7.378,-57.012,-41.585
1573070596926,2019-11-06T15:03:16.926,33.130,-2.500,-60.122,-40.610
1573070596936,2019-11-06T15:03:16.936,33.140,2.195,-63.110,-38.841
1573070596946,2019-11-06T15:03:16.946,33.150,6.646,-66.159,-36.098
1573070596956,2019-11-06T15:03:16.956,33.160,10.366,-68.902,-32.622
1573070596966,2019-11-06T15:03:16.966,33.170,13.720,-70.976,-28.354
1573070596976,2019-11-06T15:03:16.976,33.180,16.524,-72.988,-24.268
1573070596986,2019-11-06T15:03:16.986,33.190,18.841,-75.305,-19.695
1573070596996,2019-11-06T15:03:16.996,33.200,20.671,-77.561,-14.390
1573070597006,2019-11-06T15:03:17.006,33.210,21.707,-79.390,-8.293
1573070597016,2019-11-06T15:03:17.016,33.220,22.012,-80.854,-1.951
1573070597026,2019-11-06T15:03:17.026,33.230,22.317,-81.829,4.329
1573070597036,2019-11-06T15:03:17.036,33.240,21.707,-82.805,10.305
1573070597046,2019-11-06T15:03:17.046,33.250,20.549,-84.268,15.366
1573070597056,2019-11-06T15:03:17.056,33.260,21.037,-85.183,20.854
1573070597066,2019-11-06T15:03:17.066,33.270,22.317,-85.549,26.220
1573070597076,2019-11-06T15:03:17.076,33.280,21.951,-85.305,28.780
1573070597086,2019-11-06T15:03:17.086,33.290,21.341,-84.329,29.878
1573070597096,2019-11-06T15:03:17.096,33.300,22.195,-82.683,31.159
1573070597106,2019-11-06T15:03:17.106,33.310,23.720,-80.427,31.280
1573070597116,2019-11-06T15:03:17.116,33.320,25.366,-77.439,29.634
1573070597126,2019-11-06T15:03:17.126,33.330,27.561,-74.146,26.951
1573070597136,2019-11-06T15:03:17.136,33.340,28.415,-70.610,23.293
1573070597146,2019-11-06T15:03:17.146,33.350,28.780,-67.256,19.939
1573070597156,2019-11-06T15:03:17.156,33.360,29.756,-64.268,18.354
1573070597166,2019-11-06T15:03:17.166,33.370,28.780,-61.768,17.988
1573070597176,2019-11-06T15:03:17.176,33.380,26.098,-59.024,18.598
1573070597186,2019-11-06T15:03:17.186,33.390,23.537,-55.976,19.573
1573070597196,2019-11-06T15:03:17.196,33.400,19.573,-53.171,20.732
1573070597206,2019-11-06T15:03:17.206,33.410,14.878,-51.037,22.195
1573070597216,2019-11-06T15:03:17.216,33.420,12.256,-49.329,24.817
1573070597226,2019-11-06T15:03:17.226,33.430,10.976,-47.683,27.927
1573070597236,2019-11-06T15:03:17.236,33.440,8.720,-46.463,29.451
1573070597246,2019-11-06T15:03:17.246,33.450,6.707,-45.122,30.061
1573070597256,2019-11-06T15:03:17.256,33.460,5.976,-43.598,31.098
1573070597266,2019-11-06T15:03:17.266,33.470,5.732,-41.585,31.768
1573070597276,2019-11-06T15:03:17.276,33.480,3.841,-38.780,31.159
1573070597286,2019-11-06T15:03:17.286,33.490,-1.524,-35.305,29.390
1573070597296,2019-11-06T15:03:17.296,33.500,-2.439,-31.280,32.622
1573070597306,2019-11-06T15:03:17.306,33.510,-2.134,-26.829,39.268
1573070597316,2019-11-06T15:03:17.316,33.520,-8.354,-22.256,42.073
1573070597326,2019-11-06T15:03:17.326,33.530,-13.659,-17.805,42.317
1573070597336,2019-11-06T15:03:17.336,33.540,-13.476,-13.537,43.415
1573070597346,2019-11-06T15:03:17.346,33.550,-12.744,-10.000,42.988
1573070597356,2019-11-06T15:03:17.356,33.560,-10.915,-6.951,40.061
1573070597366,2019-11-06T15:03:17.366,33.570,-4.817,-4.512,35.366
1573070597376,2019-11-06T15:03:17.376,33.580,2.744,-2.561,28.902
1573070597386,2019-11-06T15:03:17.386,33.590,9.268,-0.305,21.768
1573070597396,2019-11-06T15:03:17.396,33.600,13.354,2.256,13.598
1573070597406,2019-11-06T15:03:17.406,33.610,14.146,5.183,4.756
1573070597416,2019-11-06T15:03:17.416,33.620,12.439,8.232,-3.659
1573070597426,2019-11-06T15:03:17.426,33.630,9.146,11.585,-11.890
1573070597436,2019-11-06T15:03:17.436,33.640,4.329,14.756,-19.878
1573070597446,2019-11-06T15:03:17.446,33.650,-0.061,17.561,-26.280
1573070597456,2019-11-06T15:03:17.456,33.660,-2.805,19.573,-29.390
1573070597466,2019-11-06T15:03:17.466,33.670,-3.659,21.159,-29.146
1573070597476,2019-11-06T15:03:17.476,33.680,-5.366,22.256,-28.110
1573070597486,2019-11-06T15:03:17.486,33.690,-6.707,22.805,-26.280
1573070597496,2019-11-06T15:03:17.496,33.700,-7.073,23.415,-23.537
1573070597506,2019-11-06T15:03:17.506,33.710,-7.927,24.146,-20.610
1573070597516,2019-11-06T15:03:17.516,33.720,-9.268,25.427,-17.988
1573070597526,2019-11-06T15:03:17.526,33.730,-10.305,27.195,-15.854
1573070597536,2019-11-06T15:03:17.536,33.740,-10.854,29.024,-13.780
1573070597546,2019-11-06T15:03:17.546,33.750,-11.768,30.854,-12.378
1573070597556,2019-11-06T15:03:17.556,33.760,-12.317,32.805,-11.646
1573070597566,2019-11-06T15:03:17.566,33.770,-13.476,34.939,-10.732
1573070597576,2019-11-06T15:03:17.576,33.780,-15.183,37.622,-9.512
1573070597586,2019-11-06T15:03:17.586,33.790,-16.829,40.549,-8.598
1573070597596,2019-11-06T15:03:17.596,33.800,-18.841,43.963,-8.110
1573070597606,2019-11-06T15:03:17.606,33.810,-20.793,47.561,-7.866
1573070597616,2019-11-06T15:03:17.616,33.820,-21.707,51.341,-8.171
1573070597626,2019-11-06T15:03:17.626,33.830,-21.829,54.878,-9.512
1573070597636,2019-11-06T15:03:17.636,33.840,-22.439,58.293,-10.305
1573070597646,2019-11-06T15:03:17.646,33.850,-22.561,61.585,-10.488
1573070597656,2019-11-06T15:03:17.656,33.860,-22.500,64.634,-10.427
1573070597666,2019-11-06T15:03:17.666,33.870,-22.561,67.439,-10.793
1573070597676,2019-11-06T15:03:17.676,33.880,-23.537,70.366,-11.524
1573070597686,2019-11-06T15:03:17.686,33.890,-24.695,72.988,-12.134
1573070597696,2019-11-06T15:03:17.696,33.900,-25.427,75.366,-12.378
1573070597706,2019-11-06T15:03:17.706,33.910,-26.402,77.622,-12.805
1573070597716,2019-11-06T15:03:17.716,33.920,-27.317,79.512,-13.780
1573070597726,2019-11-06T15:03:17.726,33.930,-27.317,80.854,-15.610
1573070597736,2019-11-06T15:03:17.736,33.940,-27.134,82.073,-17.683
1573070597746,2019-11-06T15:03:17.746,33.950,-26.402,83.171,-19.207
1573070597756,2019-11-06T15:03:17.756,33.960,-24.634,83.720,-20.305
1573070597766,2019-11-06T15:03:17.766,33.970,-22.988,84.268,-20.976
1573070597776,2019-11-06T15:03:17.776,33.980,-21.951,84.451,-21.098
1573070597786,2019-11-06T15:03:17.786,33.990,-19.878,84.085,-20.244
1573070597796,2019-11-06T15:03:17.796,34.000,-17.622,83.232,-18.171
1573070597806,2019-11-06T15:03:17.806,34.010,-15.427,81.890,-14.756
1573070597816,2019-11-06T15:03:17.816,34.020,-13.537,79.695,-10.915
1573070597826,2019-11-06T15:03:17.826,34.030,-12.134,77.317,-7.561
1573070597836,2019-11-06T15:03:17.836,34.040,-10.793,74.939,-4.268
1573070597846,2019-11-06T15:03:17.846,34.050,-9.146,72.744,-2.073
1573070597856,2019-11-06T15:03:17.856,34.060,-5.610,70.671,-1.402
1573070597866,2019-11-06T15:03:17.866,34.070,-5.427,68.598,-5.427
1573070597876,2019-11-06T15:03:17.876,34.080,-11.707,66.098,-13.415
1573070597886,2019-11-06T15:03:17.886,34.090,-7.500,63.293,-13.110
1573070597896,2019-11-06T15:03:17.896,34.100,2.073,59.573,-8.171
1573070597906,2019-11-06T15:03:17.906,34.110,-1.402,56.585,-10.366
1573070597916,2019-11-06T15:03:17.916,34.120,-9.817,54.939,-13.780
1573070597926,2019-11-06T15:03:17.926,34.130,-10.000,53.171,-10.854
1573070597936,2019-11-06T15:03:17.936,34.140,-7.134,51.524,-6.463
1573070597946,2019-11-06T15:03:17.946,34.150,-6.280,50.488,-3.780
1573070597956,2019-11-06T15:03:17.956,34.160,-4.512,49.512,-2.134
1573070597966,2019-11-06T15:03:17.966,34.170,-3.537,49.085,-2.683
1573070597976,2019-11-06T15:03:17.976,34.180,-6.707,49.146,-6.707
1573070597986,2019-11-06T15:03:17.986,34.190,-11.463,49.085,-10.244
1573070597996,2019-11-06T15:03:17.996,34.200,-13.902,48.720,-10.549
1573070598006,2019-11-06T15:03:18.006,34.210,-14.268,48.110,-9.878
1573070598016,2019-11-06T15:03:18.016,34.220,-14.695,47.073,-10.488
1573070598026,2019-11-06T15:03:18.026,34.230,-15.549,46.037,-11.829
1573070598036,2019-11-06T15:03:18.036,34.240,-15.488,44.939,-12.439
1573070598046,2019-11-06T15:03:18.046,34.250,-13.720,43.841,-11.707
1573070598056,2019-11-06T15:03:18.056,34.260,-11.037,42.256,-11.159
1573070598066,2019-11-06T15:03:18.066,34.270,-7.622,40.305,-10.732
1573070598076,2019-11-06T15:03:18.076,34.280,-3.415,38.171,-9.329
1573070598086,2019-11-06T15:03:18.086,34.290,0.366,36.402,-8.232
1573070598096,2019-11-06T15:03:18.096,34.300,3.415,34.512,-7.256
1573070598106,2019-11-06T15:03:18.106,34.310,6.829,32.561,-5.061
1573070598116,2019-11-06T15:03:18.116,34.320,9.756,30.488,-2.744
1573070598126,2019-11-06T15:03:18.126,34.330,11.646,28.659,-0.549
1573070598136,2019-11-06T15:03:18.136,34.340,11.341,27.378,1.159
1573070598146,2019-11-06T15:03:18.146,34.350,10.000,26.463,2.927
1573070598156,2019-11-06T15:03:18.156,34.360,9.573,25.427,5.366
1573070598166,2019-11-06T15:03:18.166,34.370,9.329,24.390,7.500
1573070598176,2019-11-06T15:03:18.176,34.380,8.049,23.232,8.780
1573070598186,2019-11-06T15:03:18.186,34.390,7.378,21.890,10.305
1573070598196,2019-11-06T15:03:18.196,34.400,7.256,20.244,12.134
1573070598206,2019-11-06T15:03:18.206,34.410,7.073,18.659,14.146
1573070598216,2019-11-06T15:03:18.216,34.420,7.744,17.195,16.585
1573070598226,2019-11-06T15:03:18.226,34.430,9.817,16.037,18.659
1573070598236,2019-11-06T15:03:18.236,34.440,11.220,15.366,19.756
1573070598246,2019-11-06T15:03:18.246,34.450,11.829,15.061,20.915
1573070598256,2019-11-06T15:03:18.256,34.460,12.439,15.244,22.439
1573070598266,2019-11-06T15:03:18.266,34.470,13.354,15.671,24.512
1573070598276,2019-11-06T15:03:18.276,34.480,14.024,15.915,26.646
1573070598286,2019-11-06T15:03:18.286,34.490,13.293,16.280,28.415
1573070598296,2019-11-06T15:03:18.296,34.500,11.159,16.768,30.061
1573070598306,2019-11-06T15:03:18.306,34.510,7.561,17.317,31.585
1573070598316,2019-11-06T15:03:18.316,34.520,3.598,17.683,33.415
1573070598326,2019-11-06T15:03:18.326,34.530,0.244,17.927,36.768
1573070598336,2019-11-06T15:03:18.336,34.540,-0.915,17.988,41.768
1573070598346,2019-11-06T15:03:18.346,34.550,-0.610,17.683,47.683
1573070598356,2019-11-06T15:03:18.356,34.560,-0.305,17.500,52.988
1573070598366,2019-11-06T15:03:18.366,34.570,0.122,18.354,56.646
1573070598376,2019-11-06T15:03:18.376,34.580,0.061,20.305,58.537
1573070598386,2019-11-06T15:03:18.386,34.590,0.244,22.317,58.780
1573070598396,2019-11-06T15:03:18.396,34.600,-0.183,24.329,55.976
1573070598406,2019-11-06T15:03:18.406,34.610,-0.854,27.195,50.244
1573070598416,2019-11-06T15:03:18.416,34.620,-0.854,30.732,43.476
1573070598426,2019-11-06T15:03:18.426,34.630,-2.012,34.451,35.000
1573070598436,2019-11-06T15:03:18.436,34.640,-3.659,38.476,25.427
1573070598446,2019-11-06T15:03:18.446,34.650,-4.512,42.561,15.976
1573070598456,2019-11-06T15:03:18.456,34.660,-5.732,46.646,6.280
1573070598466,2019-11-06T15:03:18.466,34.670,-7.866,50.549,-2.195
1573070598476,2019-11-06T15:03:18.476,34.680,-7.622,53.476,-5.122
1573070598486,2019-11-06T15:03:18.486,34.690,-9.024,54.207,-4.024
1573070598496,2019-11-06T15:03:18.496,34.700,-17.805,54.512,-2.805
1573070598506,2019-11-06T15:03:18.506,34.710,-22.622,54.207,2.500
1573070598516,2019-11-06T15:03:18.516,34.720,-17.012,52.073,12.866
1573070598526,2019-11-06T15:03:18.526,34.730,-10.671,49.390,21.463
1573070598536,2019-11-06T15:03:18.536,34.740,-9.756,47.378,24.695
1573070598546,2019-11-06T15:03:18.546,34.750,-6.341,45.915,27.500
1573070598556,2019-11-06T15:03:18.556,34.760,-0.854,44.634,30.061
1573070598566,2019-11-06T15:03:18.566,34.770,1.402,44.085,30.854
1573070598576,2019-11-06T15:03:18.576,34.780,2.134,43.963,30.305
1573070598586,2019-11-06T15:03:18.586,34.790,3.110,44.024,29.573
1573070598596,2019-11-06T15:03:18.596,34.800,4.573,44.939,29.512
1573070598606,2019-11-06T15:03:18.606,34.810,5.488,46.220,28.902
1573070598616,2019-11-06T15:03:18.616,34.820,3.902,47.805,26.890
1573070598626,2019-11-06T15:03:18.626,34.830,1.463,49.573,25.183
1573070598636,2019-11-06T15:03:18.636,34.840,0.000,50.793,24.878
1573070598646,2019-11-06T15:03:18.646,34.850,-1.402,51.159,24.512
1573070598656,2019-11-06T15:03:18.656,34.860,-2.622,51.280,23.841
1573070598666,2019-11-06T15:03:18.666,34.870,-3.537,51.098,22.927
1573070598676,2019-11-06T15:03:18.676,34.880,-5.183,50.732,21.341
1573070598686,2019-11-06T15:03:18.686,34.890,-6.037,50.000,19.817
1573070598696,2019-11-06T15:03:18.696,34.900,-5.671,48.963,18.537
1573070598706,2019-11-06T15:03:18.706,34.910,-4.146,47.805,17.561
1573070598716,2019-11-06T15:03:18.716,34.920,-2.561,46.524,16.463
1573070598726,2019-11-06T15:03:18.726,34.930,-1.646,45.061,15.244
1573070598736,2019-11-06T15:03:18.736,34.940,-0.671,43.659,14.146
1573070598746,2019-11-06T15:03:18.746,34.950,-0.183,42.256,13.293
1573070598756,2019-11-06T15:03:18.756,34.960,0.000,40.976,12.866
1573070598766,2019-11-06T15:03:18.766,34.970,0.061,39.817,12.744
1573070598776,2019-11-06T15:03:18.776,34.980,-0.061,38.963,12.927
1573070598786,2019-11-06T15:03:18.786,34.990,-1.159,38.049,13.232
1573070598796,2019-11-06T15:03:18.796,35.000,-2.561,37.439,13.841
1573070598806,2019-11-06T15:03:18.806,35.010,-3.598,37.134,15.122
1573070598816,2019-11-06T15:03:18.816,35.020,-5.122,37.012,16.341
1573070598826,2019-11-06T15:03:18.826,35.030,-7.744,37.134,17.195
1573070598836,2019-11-06T15:03:18.836,35.040,-10.854,37.317,18.232
1573070598846,2019-11-06T15:03:18.846,35.050,-13.659,37.378,19.939
1573070598856,2019-11-06T15:03:18.856,35.060,-16.402,37.500,21.524
1573070598866,2019-11-06T15:03:18.866,35.070,-19.268,37.744,23.537
1573070598876,2019-11-06T15:03:18.876,35.080,-20.976,37.866,26.341
1573070598886,2019-11-06T15:03:18.886,35.090,-22.317,37.622,29.146
1573070598896,2019-11-06T15:03:18.896,35.100,-22.927,37.561,32.134
1573070598906,2019-11-06T15:03:18.906,35.110,-22.134,37.683,36.280
1573070598916,2019-11-06T15:03:18.916,35.120,-20.854,38.171,40.793
1573070598926,2019-11-06T15:03:18.926,35.130,-20.488,39.085,44.268
1573070598936,2019-11-06T15:03:18.936,35.140,-19.024,40.244,47.378
1573070598946,2019-11-06T15:03:18.946,35.150,-16.463,41.829,50.244
1573070598956,2019-11-06T15:03:18.956,35.160,-14.207,43.598,52.195
1573070598966,2019-11-06T15:03:18.966,35.170,-11.646,44.878,53.293
1573070598976,2019-11-06T15:03:18.976,35.180,-8.415,45.976,53.720
1573070598986,2019-11-06T15:03:18.986,35.190,-5.732,47.012,53.232
1573070598996,2019-11-06T15:03:18.996,35.200,-3.232,47.744,52.561
1573070599006,2019-11-06T15:03:19.006,35.210,-1.341,47.866,51.829
1573070599016,2019-11-06T15:03:19.016,35.220,-0.732,47.622,50.549
1573070599026,2019-11-06T15:03:19.026,35.230,-0.488,47.134,48.841
1573070599036,2019-11-06T15:03:19.036,35.240,-0.549,46.037,46.768
1573070599046,2019-11-06T15:03:19.046,35.250,-1.463,44.695,43.659
1573070599056,2019-11-06T15:03:19.056,35.260,-3.476,42.927,39.207
1573070599066,2019-11-06T15:03:19.066,35.270,-5.000,41.646,34.634
1573070599076,2019-11-06T15:03:19.076,35.280,-6.280,40.793,29.817
1573070599086,2019-11-06T15:03:19.086,35.290,-7.561,39.756,24.146
1573070599096,2019-11-06T15:03:19.096,35.300,-6.829,38.720,18.902
1573070599106,2019-11-06T15:03:19.106,35.310,-5.976,36.768,12.683
1573070599116,2019-11-06T15:03:19.116,35.320,-5.488,34.024,6.585
1573070599126,2019-11-06T15:03:19.126,35.330,-1.951,31.098,5.488
1573070599136,2019-11-06T15:03:19.136,35.340,2.195,28.598,7.622
1573070599146,2019-11-06T15:03:19.146,35.350,1.768,26.524,8.902
1573070599156,2019-11-06T15:03:19.156,35.360,-0.488,24.817,9.878
1573070599166,2019-11-06T15:03:19.166,35.370,-1.037,23.902,11.646
1573070599176,2019-11-06T15:03:19.176,35.380,0.061,23.354,12.927
1573070599186,2019-11-06T15:03:19.186,35.390,-0.793,22.927,9.939
1573070599196,2019-11-06T15:03:19.196,35.400,-4.085,22.683,3.110
1573070599206,2019-11-06T15:03:19.206,35.410,-7.378,22.317,-4.939
1573070599216,2019-11-06T15:03:19.216,35.420,-12.073,21.829,-12.561
1573070599226,2019-11-06T15:03:19.226,35.430,-17.500,21.951,-17.744
1573070599236,2019-11-06T15:03:19.236,35.440,-21.037,22.317,-19.390
1573070599246,2019-11-06T15:03:19.246,35.450,-21.646,22.500,-19.756
1573070599256,2019-11-06T15:03:19.256,35.460,-21.159,22.317,-21.159
1573070599266,2019-11-06T15:03:19.266,35.470,-19.756,21.829,-22.134
1573070599276,2019-11-06T15:03:19.276,35.480,-15.427,21.159,-21.037
1573070599286,2019-11-06T15:03:19.286,35.490,-9.329,20.183,-19.207
1573070599296,2019-11-06T15:03:19.296,35.500,-4.512,19.146,-18.171
1573070599306,2019-11-06T15:03:19.306,35.510,-0.549,18.354,-17.256
1573070599316,2019-11-06T15:03:19.316,35.520,3.598,17.805,-15.793
1573070599326,2019-11-06T15:03:19.326,35.530,6.280,17.378,-15.183
1573070599336,2019-11-06T15:03:19.336,35.540,7.256,17.195,-15.732
1573070599346,2019-11-06T15:03:19.346,35.550,7.622,17.073,-16.585
1573070599356,2019-11-06T15:03:19.356,35.560,7.683,17.073,-17.073
1573070599366,2019-11-06T15:03:19.366,35.570,7.378,16.951,-16.890
1573070599376,2019-11-06T15:03:19.376,35.580,7.012,17.195,-16.220
1573070599386,2019-11-06T15:03:19.386,35.590,6.463,17.012,-15.793
1573070599396,2019-11-06T15:03:19.396,35.600,5.427,16.646,-16.159
1573070599406,2019-11-06T15:03:19.406,35.610,4.512,16.220,-16.585
1573070599416,2019-11-06T15:03:19.416,35.620,4.207,15.549,-16.707
1573070599426,2019-11-06T15:03:19.426,35.630,3.963,15.122,-17.073
1573070599436,2019-11-06T15:03:19.436,35.640,4.207,14.329,-17.561
1573070599446,2019-11-06T15:03:19.446,35.650,4.634,13.232,-18.354
1573070599456,2019-11-06T15:03:19.456,35.660,4.268,12.744,-19.207
1573070599466,2019-11-06T15:03:19.466,35.670,3.963,12.439,-20.427
1573070599476,2019-11-06T15:03:19.476,35.680,3.415,12.317,-22.195
1573070599486,2019-11-06T15:03:19.486,35.690,1.037,12.439,-24.268
1573070599496,2019-11-06T15:03:19.496,35.700,-2.866,12.439,-27.012
1573070599506,2019-11-06T15:03:19.506,35.710,-6.098,12.134,-30.244
1573070599516,2019-11-06T15:03:19.516,35.720,-6.585,11.829,-32.744
1573070599526,2019-11-06T15:03:19.526,35.730,-4.695,11.646,-34.146
1573070599536,2019-11-06T15:03:19.536,35.740,-2.195,11.585,-35.244
1573070599546,2019-11-06T15:03:19.546,35.750,-0.122,12.012,-35.488
1573070599556,2019-11-06T15:03:19.556,35.760,2.073,12.195,-34.085
1573070599566,2019-11-06T15:03:19.566,35.770,3.841,12.439,-31.463
1573070599576,2019-11-06T15:03:19.576,35.780,4.451,12.988,-28.598
1573070599586,2019-11-06T15:03:19.586,35.790,3.476,13.841,-26.890
1573070599596,2019-11-06T15:03:19.596,35.800,2.500,15.000,-26.220
1573070599606,2019-11-06T15:03:19.606,35.810,3.171,16.463,-25.488
1573070599616,2019-11-06T15:03:19.616,35.820,3.720,18.354,-25.244
1573070599626,2019-11-06T15:03:19.626,35.830,3.415,20.488,-26.402
1573070599636,2019-11-06T15:03:19.636,35.840,2.134,23.232,-29.878
1573070599646,2019-11-06T15:03:19.646,35.850,-0.366,26.463,-34.207
1573070599656,2019-11-06T15:03:19.656,35.860,-6.463,30.183,-38.841
1573070599666,2019-11-06T15:03:19.666,35.870,-19.085,33.963,-43.293
1573070599676,2019-11-06T15:03:19.676,35.880,-23.110,36.890,-36.220
1573070599686,2019-11-06T15:03:19.686,35.890,-18.780,37.622,-23.232
1573070599696,2019-11-06T15:03:19.696,35.900,-24.024,37.927,-18.720
1573070599706,2019-11-06T15:03:19.706,35.910,-32.439,38.598,-17.622
1573070599716,2019-11-06T15:03:19.716,35.920,-30.488,38.232,-11.341
1573070599726,2019-11-06T15:03:19.726,35.930,-23.232,37.256,-4.268
1573070599736,2019-11-06T15:03:19.736,35.940,-21.220,36.280,-3.537
1573070599746,2019-11-06T15:03:19.746,35.950,-21.220,35.000,-7.744
1573070599756,2019-11-06T15:03:19.756,35.960,-19.085,33.659,-13.110
1573070599766,2019-11-06T15:03:19.766,35.970,-17.988,32.744,-19.573
1573070599776,2019-11-06T15:03:19.776,35.980,-18.659,31.890,-26.220
1573070599786,2019-11-06T15:03:19.786,35.990,-17.256,30.610,-30.061
1573070599796,2019-11-06T15:03:19.796,36.000,-13.598,29.085,-31.829
1573070599806,2019-11-06T15:03:19.806,36.010,-10.366,27.622,-33.293
1573070599816,2019-11-06T15:03:19.816,36.020,-8.659,26.524,-34.268
1573070599826,2019-11-06T15:03:19.826,36.030,-7.561,25.610,-34.451
1573070599836,2019-11-06T15:03:19.836,36.040,-7.317,24.634,-34.024
1573070599846,2019-11-06T15:03:19.846,36.050,-7.622,23.537,-33.049
1573070599856,2019-11-06T15:03:19.856,36.060,-7.683,22.256,-31.098
1573070599866,2019-11-06T15:03:19.866,36.070,-6.037,20.549,-27.927
1573070599876,2019-11-06T15:03:19.876,36.080,-3.293,18.354,-25.000
1573070599886,2019-11-06T15:03:19.886,36.090,-0.976,16.280,-23.293
1573070599896,2019-11-06T15:03:19.896,36.100,1.646,14.085,-22.073
1573070599906,2019-11-06T15:03:19.906,36.110,4.878,11.463,-20.732
1573070599916,2019-11-06T15:03:19.916,36.120,6.768,9.268,-20.366
1573070599926,2019-11-06T15:03:19.926,36.130,5.610,7.195,-21.890
1573070599936,2019-11-06T15:03:19.936,36.140,2.073,5.854,-25.854
1573070599946,2019-11-06T15:03:19.946,36.150,-1.037,5.061,-29.939
1573070599956,2019-11-06T15:03:19.956,36.160,-3.902,3.293,-33.171
1573070599966,2019-11-06T15:03:19.966,36.170,-8.110,0.793,-37.317
1573070599976,2019-11-06T15:03:19.976,36.180,-13.537,-1.037,-42.561
1573070599986,2019-11-06T15:03:19.986,36.190,-20.000,-2.256,-47.805
1573070599996,2019-11-06T15:03:19.996,36.200,-26.646,-2.561,-52.500
1573070600006,2019-11-06T15:03:20.006,36.210,-31.646,-2.317,-56.768
1573070600016,2019-11-06T15:03:20.016,36.220,-34.878,-1.829,-60.793
1573070600026,2019-11-06T15:03:20.026,36.230,-37.073,-1.585,-64.756
1573070600036,2019-11-06T15:03:20.036,36.240,-37.683,-1.646,-67.866
1573070600046,2019-11-06T15:03:20.046,36.250,-36.037,-2.073,-69.207
1573070600056,2019-11-06T15:03:20.056,36.260,-33.049,-2.683,-68.659
1573070600066,2019-11-06T15:03:20.066,36.270,-30.305,-3.720,-67.012
1573070600076,2019-11-06T15:03:20.076,36.280,-27.622,-4.939,-63.902
1573070600086,2019-11-06T15:03:20.086,36.290,-25.549,-6.159,-60.488
1573070600096,2019-11-06T15:03:20.096,36.300,-23.354,-7.317,-56.768
1573070600106,2019-11-06T15:03:20.106,36.310,-20.244,-8.720,-52.683
1573070600116,2019-11-06T15:03:20.116,36.320,-16.585,-10.610,-48.841
1573070600126,2019-11-06T15:03:20.126,36.330,-13.171,-12.805,-45.854
1573070600136,2019-11-06T15:03:20.136,36.340,-9.878,-15.122,-43.354
1573070600146,2019-11-06T15:03:20.146,36.350,-6.280,-17.439,-41.280
1573070600156,2019-11-06T15:03:20.156,36.360,-2.500,-19.695,-39.939
1573070600166,2019-11-06T15:03:20.166,36.370,-0.671,-21.159,-40.427
1573070600176,2019-11-06T15:03:20.176,36.380,-0.549,-22.195,-42.500
1573070600186,2019-11-06T15:03:20.186,36.390,1.098,-23.110,-43.902
1573070600196,2019-11-06T15:03:20.196,36.400,-1.037,-23.780,-49.756
1573070600206,2019-11-06T15:03:20.206,36.410,-14.573,-24.573,-68.110
1573070600216,2019-11-06T15:03:20.216,36.420,-9.390,-25.671,-69.878
1573070600226,2019-11-06T15:03:20.226,36.430,14.268,-27.317,-54.573
1573070600236,2019-11-06T15:03:20.236,36.440,14.024,-27.195,-54.573
1573070600246,2019-11-06T15:03:20.246,36.450,0.854,-25.488,-64.268
1573070600256,2019-11-06T15:03:20.256,36.460,0.793,-24.268,-63.293
1573070600266,2019-11-06T15:03:20.266,36.470,4.512,-22.500,-56.829
1573070600276,2019-11-06T15:03:20.276,36.480,1.707,-19.878,-54.207
1573070600286,2019-11-06T15:03:20.286,36.490,-4.390,-16.890,-54.817
1573070600296,2019-11-06T15:03:20.296,36.500,-12.134,-13.659,-58.171
1573070600306,2019-11-06T15:03:20.306,36.510,-21.463,-11.524,-60.183
1573070600316,2019-11-06T15:03:20.316,36.520,-21.524,-9.512,-55.366
1573070600326,2019-11-06T15:03:20.326,36.530,-19.207,-7.500,-49.634
1573070600336,2019-11-06T15:03:20.336,36.540,-22.500,-5.793,-49.512
1573070600346,2019-11-06T15:03:20.346,36.550,-24.695,-4.573,-50.305
1573070600356,2019-11-06T15:03:20.356,36.560,-21.707,-3.598,-48.110
1573070600366,2019-11-06T15:03:20.366,36.570,-17.744,-3.354,-46.220
1573070600376,2019-11-06T15:03:20.376,36.580,-14.756,-3.232,-46.341
1573070600386,2019-11-06T15:03:20.386,36.590,-11.280,-2.927,-45.610
1573070600396,2019-11-06T15:03:20.396,36.600,-8.232,-2.927,-43.598
1573070600406,2019-11-06T15:03:20.406,36.610,-7.439,-3.049,-42.500
1573070600416,2019-11-06T15:03:20.416,36.620,-7.500,-3.354,-40.610
1573070600426,2019-11-06T15:03:20.426,36.630,-6.768,-3.780,-36.402
1573070600436,2019-11-06T15:03:20.436,36.640,-6.220,-4.329,-30.915
1573070600446,2019-11-06T15:03:20.446,36.650,-6.463,-4.878,-25.427
1573070600456,2019-11-06T15:03:20.456,36.660,-6.524,-5.183,-19.329
1573070600466,2019-11-06T15:03:20.466,36.670,-5.000,-5.427,-12.805
1573070600476,2019-11-06T15:03:20.476,36.680,-2.744,-5.610,-6.829
1573070600486,2019-11-06T15:03:20.486,36.690,-0.793,-5.793,-2.195
1573070600496,2019-11-06T15:03:20.496,36.700,0.854,-5.915,1.280
1573070600506,2019-11-06T15:03:20.506,36.710,2.012,-6.037,3.049
1573070600516,2019-11-06T15:03:20.516,36.720,2.866,-5.976,4.024
1573070600526,2019-11-06T15:03:20.526,36.730,4.390,-6.280,5.122
1573070600536,2019-11-06T15:03:20.536,36.740,4.878,-6.829,5.061
1573070600546,2019-11-06T15:03:20.546,36.750,4.329,-7.134,3.598
1573070600556,2019-11-06T15:03:20.556,36.760,3.354,-7.378,1.829
1573070600566,2019-11-06T15:03:20.566,36.770,3.780,-7.500,2.195
1573070600576,2019-11-06T15:03:20.576,36.780,6.646,-7.622,4.756
1573070600586,2019-11-06T15:03:20.586,36.790,8.232,-7.561,6.890
1573070600596,2019-11-06T15:03:20.596,36.800,9.573,-7.622,9.024
1573070600606,2019-11-06T15:03:20.606,36.810,11.585,-7.256,11.951
1573070600616,2019-11-06T15:03:20.616,36.820,13.049,-6.585,14.634
1573070600626,2019-11-06T15:03:20.626,36.830,13.598,-5.854,16.463
1573070600636,2019-11-06T15:03:20.636,36.840,14.024,-5.183,19.085
1573070600646,2019-11-06T15:03:20.646,36.850,15.610,-4.512,23.963
1573070600656,2019-11-06T15:03:20.656,36.860,18.049,-4.085,29.573
1573070600666,2019-11-06T15:03:20.666,36.870,18.963,-2.622,32.622
1573070600676,2019-11-06T15:03:20.676,36.880,16.890,-0.549,32.256
1573070600686,2019-11-06T15:03:20.686,36.890,13.537,1.524,30.976
1573070600696,2019-11-06T15:03:20.696,36.900,10.305,4.390,29.207
1573070600706,2019-11-06T15:03:20.706,36.910,5.793,7.744,26.585
1573070600716,2019-11-06T15:03:20.716,36.920,-1.037,11.402,22.500
1573070600726,2019-11-06T15:03:20.726,36.930,-5.305,15.061,22.744
1573070600736,2019-11-06T15:03:20.736,36.940,-10.976,18.293,19.512
1573070600746,2019-11-06T15:03:20.746,36.950,-31.951,21.890,6.585
1573070600756,2019-11-06T15:03:20.756,36.960,-27.927,23.232,21.280
1573070600766,2019-11-06T15:03:20.766,36.970,-3.780,25.366,41.159
1573070600776,2019-11-06T15:03:20.776,36.980,-12.988,29.329,34.207
1573070600786,2019-11-06T15:03:20.786,36.990,-22.073,32.439,25.976
1573070600796,2019-11-06T15:03:20.796,37.000,-15.549,32.805,29.573
1573070600806,2019-11-06T15:03:20.806,37.010,-9.451,32.744,32.866
1573070600816,2019-11-06T15:03:20.816,37.020,-8.963,32.622,32.195
1573070600826,2019-11-06T15:03:20.826,37.030,-6.829,32.378,34.146
1573070600836,2019-11-06T15:03:20.836,37.040,-2.683,31.890,36.951
1573070600846,2019-11-06T15:03:20.846,37.050,-0.610,31.220,38.537
1573070600856,2019-11-06T15:03:20.856,37.060,1.341,30.366,40.671
1573070600866,2019-11-06T15:03:20.866,37.070,3.110,29.573,42.988
1573070600876,2019-11-06T15:03:20.876,37.080,4.634,28.720,45.793
1573070600886,2019-11-06T15:03:20.886,37.090,5.122,27.988,47.988
1573070600896,2019-11-06T15:03:20.896,37.100,3.902,27.561,48.537
1573070600906,2019-11-06T15:03:20.906,37.110,3.110,27.134,48.902
1573070600916,2019-11-06T15:03:20.916,37.120,2.500,26.829,48.963
1573070600926,2019-11-06T15:03:20.926,37.130,1.707,26.646,48.841
1573070600936,2019-11-06T15:03:20.936,37.140,0.549,26.341,47.927
1573070600946,2019-11-06T15:03:20.946,37.150,-0.732,26.098,46.524
1573070600956,2019-11-06T15:03:20.956,37.160,-2.378,25.732,44.695
1573070600966,2019-11-06T15:03:20.966,37.170,-2.805,25.244,43.720
1573070600976,2019-11-06T15:03:20.976,37.180,-2.683,24.756,43.720
1573070600986,2019-11-06T15:03:20.986,37.190,-2.622,24.268,44.268
1573070600996,2019-11-06T15:03:20.996,37.200,-2.073,23.720,45.793
1573070601006,2019-11-06T15:03:21.006,37.210,-1.037,23.232,47.927
1573070601016,2019-11-06T15:03:21.016,37.220,-0.244,22.805,49.573
1573070601026,2019-11-06T15:03:21.026,37.230,0.366,22.439,51.098
1573070601036,2019-11-06T15:03:21.036,37.240,0.793,22.012,52.378
1573070601046,2019-11-06T15:03:21.046,37.250,0.610,21.585,53.476
1573070601056,2019-11-06T15:03:21.056,37.260,0.366,20.976,54.451
1573070601066,2019-11-06T15:03:21.066,37.270,0.854,20.366,55.793
1573070601076,2019-11-06T15:03:21.076,37.280,0.732,19.817,56.280
1573070601086,2019-11-06T15:03:21.086,37.290,-0.305,19.329,56.402
1573070601096,2019-11-06T15:03:21.096,37.300,-1.341,19.085,57.561
1573070601106,2019-11-06T15:03:21.106,37.310,-2.622,19.024,58.598
1573070601116,2019-11-06T15:03:21.116,37.320,-5.305,18.841,58.720
1573070601126,2019-11-06T15:03:21.126,37.330,-6.037,18.110,60.000
1573070601136,2019-11-06T15:03:21.136,37.340,-3.780,17.378,62.317
1573070601146,2019-11-06T15:03:21.146,37.350,-2.134,16.768,63.232
1573070601156,2019-11-06T15:03:21.156,37.360,-1.951,16.280,61.707
1573070601166,2019-11-06T15:03:21.166,37.370,-0.427,15.610,58.963
1573070601176,2019-11-06T15:03:21.176,37.380,2.927,14.695,56.037
1573070601186,2019-11-06T15:03:21.186,37.390,6.463,13.415,53.293
1573070601196,2019-11-06T15:03:21.196,37.400,9.207,11.463,50.915
1573070601206,2019-11-06T15:03:21.206,37.410,11.341,9.207,49.085
1573070601216,2019-11-06T15:03:21.216,37.420,12.622,7.134,47.439
1573070601226,2019-11-06T15:03:21.226,37.430,11.951,5.122,44.268
1573070601236,2019-11-06T15:03:21.236,37.440,10.549,2.927,39.207
1573070601246,2019-11-06T15:03:21.246,37.450,10.122,0.183,33.780
1573070601256,2019-11-06T15:03:21.256,37.460,11.098,-2.988,28.293
1573070601266,2019-11-06T15:03:21.266,37.470,15.305,-6.220,24.817
1573070601276,2019-11-06T15:03:21.276,37.480,14.451,-10.732,15.000
1573070601286,2019-11-06T15:03:21.286,37.490,2.866,-15.488,-0.366
1573070601296,2019-11-06T15:03:21.296,37.500,9.329,-20.732,3.598
1573070601306,2019-11-06T15:03:21.306,37.510,37.012,-24.756,15.549
1573070601316,2019-11-06T15:03:21.316,37.520,31.890,-27.866,12.805
1573070601326,2019-11-06T15:03:21.326,37.530,20.671,-29.756,8.049
1573070601336,2019-11-06T15:03:21.336,37.540,22.317,-31.524,12.805
1573070601346,2019-11-06T15:03:21.346,37.550,24.085,-32.134,18.415
1573070601356,2019-11-06T15:03:21.356,37.560,23.293,-31.098,19.939
1573070601366,2019-11-06T15:03:21.366,37.570,17.317,-30.244,19.207
1573070601376,2019-11-06T15:03:21.376,37.580,8.415,-29.207,16.890
1573070601386,2019-11-06T15:03:21.386,37.590,3.171,-27.744,13.963
1573070601396,2019-11-06T15:03:21.396,37.600,-1.098,-26.585,11.707
1573070601406,2019-11-06T15:03:21.406,37.610,-3.841,-25.244,10.549
1573070601416,2019-11-06T15:03:21.416,37.620,-5.671,-24.207,9.451
1573070601426,2019-11-06T15:03:21.426,37.630,-7.500,-23.415,7.256
1573070601436,2019-11-06T15:03:21.436,37.640,-8.720,-22.683,5.183
1573070601446,2019-11-06T15:03:21.446,37.650,-9.329,-22.195,3.476
1573070601456,2019-11-06T15:03:21.456,37.660,-9.817,-22.073,1.890
1573070601466,2019-11-06T15:03:21.466,37.670,-9.634,-22.134,0.671
1573070601476,2019-11-06T15:03:21.476,37.680,-8.110,-22.317,0.610
1573070601486,2019-11-06T15:03:21.486,37.690,-5.427,-22.561,1.646
1573070601496,2019-11-06T15:03:21.496,37.700,-2.683,-22.622,2.134
1573070601506,2019-11-06T15:03:21.506,37.710,0.122,-22.622,3.049
1573070601516,2019-11-06T15:03:21.516,37.720,3.659,-22.561,5.305
1573070601526,2019-11-06T15:03:21.526,37.730,6.098,-22.561,7.500
1573070601536,2019-11-06T15:03:21.536,37.740,7.683,-22.500,9.756
1573070601546,2019-11-06T15:03:21.546,37.750,8.841,-22.378,12.256
1573070601556,2019-11-06T15:03:21.556,37.760,8.841,-22.378,15.000
1573070601566,2019-11-06T15:03:21.566,37.770,7.683,-22.439,18.171
1573070601576,2019-11-06T15:03:21.576,37.780,7.317,-22.317,20.854
1573070601586,2019-11-06T15:03:21.586,37.790,6.280,-22.195,21.890
1573070601596,2019-11-06T15:03:21.596,37.800,5.610,-21.951,22.317
1573070601606,2019-11-06T15:03:21.606,37.810,6.341,-21.951,23.659
1573070601616,2019-11-06T15:03:21.616,37.820,7.195,-22.256,25.427
1573070601626,2019-11-06T15:03:21.626,37.830,7.988,-22.805,26.890
1573070601636,2019-11-06T15:03:21.636,37.840,9.451,-23.780,27.805
1573070601646,2019-11-06T15:03:21.646,37.850,12.134,-24.756,28.841
1573070601656,2019-11-06T15:03:21.656,37.860,14.573,-25.610,29.512
1573070601666,2019-11-06T15:03:21.666,37.870,16.829,-25.915,30.244
1573070601676,2019-11-06T15:03:21.676,37.880,18.963,-25.915,30.732
1573070601686,2019-11-06T15:03:21.686,37.890,20.244,-25.366,31.037
1573070601696,2019-11-06T15:03:21.696,37.900,20.793,-24.329,32.561
1573070601706,2019-11-06T15:03:21.706,37.910,20.366,-23.415,34.939
1573070601716,2019-11-06T15:03:21.716,37.920,18.598,-22.317,37.622
1573070601726,2019-11-06T15:03:21.726,37.930,16.280,-21.341,40.488
1573070601736,2019-11-06T15:03:21.736,37.940,14.024,-20.488,43.049
1573070601746,2019-11-06T15:03:21.746,37.950,10.854,-19.451,44.146
1573070601756,2019-11-06T15:03:21.756,37.960,8.354,-18.415,44.207
1573070601766,2019-11-06T15:03:21.766,37.970,8.293,-17.256,43.171
1573070601776,2019-11-06T15:03:21.776,37.980,7.927,-16.098,39.634
1573070601786,2019-11-06T15:03:21.786,37.990,6.341,-14.207,33.354
1573070601796,2019-11-06T15:03:21.796,38.000,6.463,-11.768,26.402
1573070601806,2019-11-06T15:03:21.806,38.010,7.988,-8.720,19.695
1573070601816,2019-11-06T15:03:21.816,38.020,0.915,-5.610,8.963
1573070601826,2019-11-06T15:03:21.826,38.030,-6.707,-2.134,4.024
1573070601836,2019-11-06T15:03:21.836,38.040,-2.195,0.366,10.915
1573070601846,2019-11-06T15:03:21.846,38.050,-4.207,1.463,11.341
1573070601856,2019-11-06T15:03:21.856,38.060,-15.244,3.963,3.659
1573070601866,2019-11-06T15:03:21.866,38.070,-14.207,5.610,2.805
1573070601876,2019-11-06T15:03:21.876,38.080,-6.037,5.915,4.451
1573070601886,2019-11-06T15:03:21.886,38.090,-3.110,6.646,0.732
1573070601896,2019-11-06T15:03:21.896,38.100,-2.805,7.561,-5.061
1573070601906,2019-11-06T15:03:21.906,38.110,-0.732,8.232,-10.671
1573070601916,2019-11-06T15:03:21.916,38.120,-0.366,9.207,-18.659
1573070601926,2019-11-06T15:03:21.926,38.130,-2.866,10.000,-28.415
1573070601936,2019-11-06T15:03:21.936,38.140,-4.329,10.183,-35.366
1573070601946,2019-11-06T15:03:21.946,38.150,-2.744,9.634,-37.012
1573070601956,2019-11-06T15:03:21.956,38.160,-1.220,8.780,-36.159
1573070601966,2019-11-06T15:03:21.966,38.170,-1.402,7.866,-34.146
1573070601976,2019-11-06T15:03:21.976,38.180,-1.037,7.073,-30.122
1573070601986,2019-11-06T15:03:21.986,38.190,-0.183,6.098,-25.122
1573070601996,2019-11-06T15:03:21.996,38.200,-0.244,5.427,-20.488
1573070602006,2019-11-06T15:03:22.006,38.210,-0.488,4.817,-15.793
1573070602016,2019-11-06T15:03:22.016,38.220,0.061,4.329,-10.244
1573070602026,2019-11-06T15:03:22.026,38.230,0.915,4.024,-4.817
1573070602036,2019-11-06T15:03:22.036,38.240,1.829,3.841,-0.183
1573070602046,2019-11-06T15:03:22.046,38.250,2.927,3.598,4.146
1573070602056,2019-11-06T15:03:22.056,38.260,4.695,3.537,8.232
1573070602066,2019-11-06T15:03:22.066,38.270,6.585,3.780,11.707
1573070602076,2019-11-06T15:03:22.076,38.280,7.805,4.146,14.146
1573070602086,2019-11-06T15:03:22.086,38.290,8.659,4.817,15.854
1573070602096,2019-11-06T15:03:22.096,38.300,9.268,5.793,17.012
1573070602106,2019-11-06T15:03:22.106,38.310,9.878,6.768,17.988
1573070602116,2019-11-06T15:03:22.116,38.320,10.244,8.049,18.902
1573070602126,2019-11-06T15:03:22.126,38.330,10.122,9.390,19.512
1573070602136,2019-11-06T15:03:22.136,38.340,9.756,10.976,20.000
1573070602146,2019-11-06T15:03:22.146,38.350,9.268,12.683,20.854
1573070602156,2019-11-06T15:03:22.156,38.360,8.780,14.451,22.439
1573070602166,2019-11-06T15:03:22.166,38.370,8.659,16.463,24.085
1573070602176,2019-11-06T15:03:22.176,38.380,8.659,18.415,25.732
1573070602186,2019-11-06T15:03:22.186,38.390,8.476,20.000,26.951
1573070602196,2019-11-06T15:03:22.196,38.400,8.598,21.037,27.988
1573070602206,2019-11-06T15:03:22.206,38.410,8.780,21.585,28.659
1573070602216,2019-11-06T15:03:22.216,38.420,8.110,21.951,28.415
1573070602226,2019-11-06T15:03:22.226,38.430,6.341,22.378,27.561
1573070602236,2019-11-06T15:03:22.236,38.440,4.207,22.988,26.463
1573070602246,2019-11-06T15:03:22.246,38.450,1.707,23.354,25.366
1573070602256,2019-11-06T15:03:22.256,38.460,-0.366,23.598,24.329
1573070602266,2019-11-06T15:03:22.266,38.470,-1.463,23.720,23.598
1573070602276,2019-11-06T15:03:22.276,38.480,-1.037,23.598,22.927
1573070602286,2019-11-06T15:03:22.286,38.490,0.183,23.476,21.646
1573070602296,2019-11-06T15:03:22.296,38.500,1.524,23.171,19.390
1573070602306,2019-11-06T15:03:22.306,38.510,3.598,22.378,16.707
1573070602316,2019-11-06T15:03:22.316,38.520,5.976,21.280,14.817
1573070602326,2019-11-06T15:03:22.326,38.530,7.439,20.000,13.110
1573070602336,2019-11-06T15:03:22.336,38.540,8.110,18.659,10.671
1573070602346,2019-11-06T15:03:22.346,38.550,8.232,17.134,7.378
1573070602356,2019-11-06T15:03:22.356,38.560,8.232,15.427,3.841
1573070602366,2019-11-06T15:03:22.366,38.570,6.159,13.841,-2.134
1573070602376,2019-11-06T15:03:22.376,38.580,-2.256,12.073,-13.354
1573070602386,2019-11-06T15:03:22.386,38.590,-3.720,10.183,-19.329
1573070602396,2019-11-06T15:03:22.396,38.600,5.244,7.317,-17.439
1573070602406,2019-11-06T15:03:22.406,38.610,7.744,4.878,-18.963
1573070602416,2019-11-06T15:03:22.416,38.620,1.890,3.841,-24.268
1573070602426,2019-11-06T15:03:22.426,38.630,0.732,3.232,-24.268
1573070602436,2019-11-06T15:03:22.436,38.640,3.720,2.744,-19.878
1573070602446,2019-11-06T15:03:22.446,38.650,3.598,3.049,-16.768
1573070602456,2019-11-06T15:03:22.456,38.660,1.402,3.841,-14.939
1573070602466,2019-11-06T15:03:22.466,38.670,-1.098,4.817,-14.268
1573070602476,2019-11-06T15:03:22.476,38.680,-4.085,5.854,-15.732
1573070602486,2019-11-06T15:03:22.486,38.690,-8.171,6.890,-19.695
1573070602496,2019-11-06T15:03:22.496,38.700,-11.768,7.317,-24.512
1573070602506,2019-11-06T15:03:22.506,38.710,-13.232,7.073,-27.134
1573070602516,2019-11-06T15:03:22.516,38.720,-12.988,6.585,-27.134
1573070602526,2019-11-06T15:03:22.526,38.730,-12.256,5.976,-27.073
1573070602536,2019-11-06T15:03:22.536,38.740,-12.134,5.244,-28.232
1573070602546,2019-11-06T15:03:22.546,38.750,-11.341,4.207,-28.720
1573070602556,2019-11-06T15:03:22.556,38.760,-9.634,2.866,-28.354
1573070602566,2019-11-06T15:03:22.566,38.770,-8.659,1.341,-28.293
1573070602576,2019-11-06T15:03:22.576,38.780,-8.171,-0.061,-28.232
1573070602586,2019-11-06T15:03:22.586,38.790,-7.744,-1.585,-27.622
1573070602596,2019-11-06T15:03:22.596,38.800,-6.890,-2.988,-25.976
1573070602606,2019-11-06T15:03:22.606,38.810,-5.793,-3.720,-23.415
1573070602616,2019-11-06T15:03:22.616,38.820,-4.939,-4.268,-20.366
1573070602626,2019-11-06T15:03:22.626,38.830,-3.415,-5.000,-16.768
1573070602636,2019-11-06T15:03:22.636,38.840,-2.073,-5.549,-13.171
1573070602646,2019-11-06T15:03:22.646,38.850,-1.463,-5.854,-9.878
1573070602656,2019-11-06T15:03:22.656,38.860,-1.098,-5.915,-6.463
1573070602666,2019-11-06T15:03:22.666,38.870,-1.280,-5.671,-2.927
1573070602676,2019-11-06T15:03:22.676,38.880,-1.890,-5.183,0.793
1573070602686,2019-11-06T15:03:22.686,38.890,-2.317,-4.695,4.390
1573070602696,2019-11-06T15:03:22.696,38.900,-2.622,-4.390,7.378
1573070602706,2019-11-06T15:03:22.706,38.910,-2.500,-4.268,9.817
1573070602716,2019-11-06T15:03:22.716,38.920,-1.890,-4.085,11.768
1573070602726,2019-11-06T15:03:22.726,38.930,-0.915,-3.902,12.805
1573070602736,2019-11-06T15:03:22.736,38.940,0.732,-3.659,12.988
1573070602746,2019-11-06T15:03:22.746,38.950,3.049,-3.537,12.561
1573070602756,2019-11-06T15:03:22.756,38.960,5.000,-3.110,11.280
1573070602766,2019-11-06T15:03:22.766,38.970,6.402,-2.134,9.573
1573070602776,2019-11-06T15:03:22.776,38.980,7.378,-0.854,7.805
1573070602786,2019-11-06T15:03:22.786,38.990,8.537,0.244,6.220
1573070602796,2019-11-06T15:03:22.796,39.000,9.573,1.585,4.878
1573070602806,2019-11-06T15:03:22.806,39.010,10.000,3.232,4.024
1573070602816,2019-11-06T15:03:22.816,39.020,11.402,5.061,5.061
1573070602826,2019-11-06T15:03:22.826,39.030,13.780,6.829,7.439
1573070602836,2019-11-06T15:03:22.836,39.040,14.573,7.988,9.878
1573070602846,2019-11-06T15:03:22.846,39.050,14.390,8.780,12.744
1573070602856,2019-11-06T15:03:22.856,39.060,13.476,9.451,16.524
1573070602866,2019-11-06T15:03:22.866,39.070,10.366,10.793,19.573
1573070602876,2019-11-06T15:03:22.876,39.080,7.073,12.561,21.037
1573070602886,2019-11-06T15:03:22.886,39.090,5.671,14.512,21.585
1573070602896,2019-11-06T15:03:22.896,39.100,4.878,16.951,20.061
1573070602906,2019-11-06T15:03:22.906,39.110,4.024,20.000,16.220
1573070602916,2019-11-06T15:03:22.916,39.120,2.866,23.537,11.402
1573070602926,2019-11-06T15:03:22.926,39.130,0.915,27.683,5.915
1573070602936,2019-11-06T15:03:22.936,39.140,1.890,31.707,2.012
1573070602946,2019-11-06T15:03:22.946,39.150,-2.378,35.061,-4.268
1573070602956,2019-11-06T15:03:22.956,39.160,-14.390,38.720,-7.378
1573070602966,2019-11-06T15:03:22.966,39.170,-14.146,41.341,2.012
1573070602976,2019-11-06T15:03:22.976,39.180,-13.354,41.890,7.927
1573070602986,2019-11-06T15:03:22.986,39.190,-21.829,43.049,4.939
1573070602996,2019-11-06T15:03:22.996,39.200,-21.890,43.902,5.305
1573070603006,2019-11-06T15:03:23.006,39.210,-13.963,43.476,7.561
1573070603016,2019-11-06T15:03:23.016,39.220,-8.049,43.598,6.159
1573070603026,2019-11-06T15:03:23.026,39.230,-4.329,44.756,2.500
1573070603036,2019-11-06T15:03:23.036,39.240,-0.610,46.463,-1.646
1573070603046,2019-11-06T15:03:23.046,39.250,1.829,48.963,-7.195
1573070603056,2019-11-06T15:03:23.056,39.260,1.768,52.561,-13.476
1573070603066,2019-11-06T15:03:23.066,39.270,-0.183,57.134,-18.537
1573070603076,2019-11-06T15:03:23.076,39.280,-1.768,61.829,-19.756
1573070603086,2019-11-06T15:03:23.086,39.290,-2.683,66.890,-17.378
1573070603096,2019-11-06T15:03:23.096,39.300,-6.463,72.500,-14.573
1573070603106,2019-11-06T15:03:23.106,39.310,-11.646,78.171,-11.524
1573070603116,2019-11-06T15:03:23.116,39.320,-15.183,83.049,-7.317
1573070603126,2019-11-06T15:03:23.126,39.330,-16.707,86.585,-1.951
1573070603136,2019-11-06T15:03:23.136,39.340,-18.110,89.024,3.232
1573070603146,2019-11-06T15:03:23.146,39.350,-19.756,90.183,7.561
1573070603156,2019-11-06T15:03:23.156,39.360,-20.854,89.939,11.159
1573070603166,2019-11-06T15:03:23.166,39.370,-21.159,88.232,14.451
1573070603176,2019-11-06T15:03:23.176,39.380,-20.732,85.305,17.744
1573070603186,2019-11-06T15:03:23.186,39.390,-19.573,81.280,20.671
1573070603196,2019-11-06T15:03:23.196,39.400,-17.805,76.646,23.110
1573070603206,2019-11-06T15:03:23.206,39.410,-15.793,71.585,24.817
1573070603216,2019-11-06T15:03:23.216,39.420,-13.780,66.220,26.280
1573070603226,2019-11-06T15:03:23.226,39.430,-11.829,61.098,27.378
1573070603236,2019-11-06T15:03:23.236,39.440,-10.061,55.976,28.293
1573070603246,2019-11-06T15:03:23.246,39.450,-9.329,50.976,28.902
1573070603256,2019-11-06T15:03:23.256,39.460,-9.024,46.280,29.695
1573070603266,2019-11-06T15:03:23.266,39.470,-8.902,41.707,30.427
1573070603276,2019-11-06T15:03:23.276,39.480,-9.634,37.744,30.549
1573070603286,2019-11-06T15:03:23.286,39.490,-10.793,34.146,30.854
1573070603296,2019-11-06T15:03:23.296,39.500,-11.463,31.280,31.768
1573070603306,2019-11-06T15:03:23.306,39.510,-11.280,29.512,33.293
1573070603316,2019-11-06T15:03:23.316,39.520,-11.037,28.476,35.061
1573070603326,2019-11-06T15:03:23.326,39.530,-11.951,28.293,36.341
1573070603336,2019-11-06T15:03:23.336,39.540,-12.927,29.146,37.683
1573070603346,2019-11-06T15:03:23.346,39.550,-12.622,30.122,39.878
1573070603356,2019-11-06T15:03:23.356,39.560,-13.049,30.915,41.220
1573070603366,2019-11-06T15:03:23.366,39.570,-15.061,31.951,40.793
1573070603376,2019-11-06T15:03:23.376,39.580,-16.280,33.415,39.573
1573070603386,2019-11-06T15:03:23.386,39.590,-14.634,34.634,38.415
1573070603396,2019-11-06T15:03:23.396,39.600,-11.402,36.037,37.134
1573070603406,2019-11-06T15:03:23.406,39.610,-8.354,37.500,35.488
1573070603416,2019-11-06T15:03:23.416,39.620,-5.549,39.085,33.720
1573070603426,2019-11-06T15:03:23.426,39.630,-3.171,40.183,32.927
1573070603436,2019-11-06T15:03:23.436,39.640,-3.049,41.159,32.500
1573070603446,2019-11-06T15:03:23.446,39.650,-5.427,42.073,31.890
1573070603456,2019-11-06T15:03:23.456,39.660,-8.902,42.744,31.280
1573070603466,2019-11-06T15:03:23.466,39.670,-11.829,42.927,31.402
1573070603476,2019-11-06T15:03:23.476,39.680,-12.988,42.683,31.341
1573070603486,2019-11-06T15:03:23.486,39.690,-12.866,42.256,30.061
1573070603496,2019-11-06T15:03:23.496,39.700,-12.317,41.890,27.500
1573070603506,2019-11-06T15:03:23.506,39.710,-9.085,41.402,24.634
1573070603516,2019-11-06T15:03:23.516,39.720,-3.110,40.549,19.573
1573070603526,2019-11-06T15:03:23.526,39.730,-6.707,39.512,8.476
1573070603536,2019-11-06T15:03:23.536,39.740,-11.159,39.695,5.732
1573070603546,2019-11-06T15:03:23.546,39.750,-7.317,38.171,12.988
1573070603556,2019-11-06T15:03:23.556,39.760,-8.232,34.634,15.671
1573070603566,2019-11-06T15:03:23.566,39.770,-16.159,32.256,13.232
1573070603576,2019-11-06T15:03:23.576,39.780,-23.902,31.585,13.110
1573070603586,2019-11-06T15:03:23.586,39.790,-26.707,30.854,16.037
1573070603596,2019-11-06T15:03:23.596,39.800,-28.293,29.817,16.402
1573070603606,2019-11-06T15:03:23.606,39.810,-30.427,29.756,13.720
1573070603616,2019-11-06T15:03:23.616,39.820,-30.854,30.488,9.390
1573070603626,2019-11-06T15:03:23.626,39.830,-29.634,31.707,3.415
1573070603636,2019-11-06T15:03:23.636,39.840,-29.085,33.171,-5.061
1573070603646,2019-11-06T15:03:23.646,39.850,-28.963,34.207,-14.939
1573070603656,2019-11-06T15:03:23.656,39.860,-29.451,34.573,-24.268
1573070603666,2019-11-06T15:03:23.666,39.870,-31.098,34.390,-30.671
1573070603676,2019-11-06T15:03:23.676,39.880,-32.073,34.024,-32.683
1573070603686,2019-11-06T15:03:23.686,39.890,-30.305,32.988,-32.012
1573070603696,2019-11-06T15:03:23.696,39.900,-27.500,31.037,-31.646
1573070603706,2019-11-06T15:03:23.706,39.910,-24.939,28.720,-32.317
1573070603716,2019-11-06T15:03:23.716,39.920,-22.012,25.915,-33.293
1573070603726,2019-11-06T15:03:23.726,39.930,-17.927,22.561,-34.512
1573070603736,2019-11-06T15:03:23.736,39.940,-12.805,18.354,-36.159
1573070603746,2019-11-06T15:03:23.746,39.950,-7.988,13.537,-38.415
1573070603756,2019-11-06T15:03:23.756,39.960,-3.963,8.415,-41.402
1573070603766,2019-11-06T15:03:23.766,39.970,0.122,3.415,-44.024
1573070603776,2019-11-06T15:03:23.776,39.980,5.305,-1.098,-45.122
1573070603786,2019-11-06T15:03:23.786,39.990,10.122,-5.366,-45.183
1573070603796,2019-11-06T15:03:23.796,40.000,12.805,-8.963,-44.756
1573070603806,2019-11-06T15:03:23.806,40.010,15.183,-12.317,-43.110
1573070603816,2019-11-06T15:03:23.816,40.020,16.829,-15.549,-41.037
1573070603826,2019-11-06T15:03:23.826,40.030,16.463,-18.415,-38.720
1573070603836,2019-11-06T15:03:23.836,40.040,14.390,-21.159,-35.976
1573070603846,2019-11-06T15:03:23.846,40.050,11.890,-23.780,-32.500
1573070603856,2019-11-06T15:03:23.856,40.060,10.000,-26.341,-28.537
1573070603866,2019-11-06T15:03:23.866,40.070,8.902,-29.146,-24.451
1573070603876,2019-11-06T15:03:23.876,40.080,9.024,-31.463,-19.878
1573070603886,2019-11-06T15:03:23.886,40.090,9.329,-33.598,-15.915
1573070603896,2019-11-06T15:03:23.896,40.100,9.512,-35.488,-12.927
1573070603906,2019-11-06T15:03:23.906,40.110,10.000,-37.134,-10.427
1573070603916,2019-11-06T15:03:23.916,40.120,10.488,-38.780,-7.866
1573070603926,2019-11-06T15:03:23.926,40.130,10.549,-40.305,-5.854
1573070603936,2019-11-06T15:03:23.936,40.140,9.817,-41.524,-4.634
1573070603946,2019-11-06T15:03:23.946,40.150,8.841,-42.439,-3.598
1573070603956,2019-11-06T15:03:23.956,40.160,7.134,-42.927,-2.500
1573070603966,2019-11-06T15:03:23.966,40.170,5.183,-43.049,-1.280
1573070603976,2019-11-06T15:03:23.976,40.180,3.415,-42.988,0.488
1573070603986,2019-11-06T15:03:23.986,40.190,1.280,-42.622,2.622
1573070603996,2019-11-06T15:03:23.996,40.200,-1.585,-41.890,4.451
1573070604006,2019-11-06T15:03:24.006,40.210,-4.573,-41.159,5.976
1573070604016,2019-11-06T15:03:24.016,40.220,-6.829,-40.305,8.049
1573070604026,2019-11-06T15:03:24.026,40.230,-8.476,-39.329,10.488
1573070604036,2019-11-06T15:03:24.036,40.240,-9.817,-38.293,13.232
1573070604046,2019-11-06T15:03:24.046,40.250,-10.366,-36.890,16.220
1573070604056,2019-11-06T15:03:24.056,40.260,-10.854,-35.366,18.902
1573070604066,2019-11-06T15:03:24.066,40.270,-11.280,-33.720,21.463
1573070604076,2019-11-06T15:03:24.076,40.280,-11.037,-31.707,24.024
1573070604086,2019-11-06T15:03:24.086,40.290,-10.488,-29.390,26.280
1573070604096,2019-11-06T15:03:24.096,40.300,-9.634,-26.646,27.683
1573070604106,2019-11-06T15:03:24.106,40.310,-8.841,-23.537,28.232
1573070604116,2019-11-06T15:03:24.116,40.320,-8.110,-20.061,27.744
1573070604126,2019-11-06T15:03:24.126,40.330,-6.707,-16.463,26.951
1573070604136,2019-11-06T15:03:24.136,40.340,-4.695,-12.805,25.854
1573070604146,2019-11-06T15:03:24.146,40.350,-4.512,-8.841,23.293
1573070604156,2019-11-06T15:03:24.156,40.360,-5.122,-4.634,20.976
1573070604166,2019-11-06T15:03:24.166,40.370,-5.244,-0.061,19.573
1573070604176,2019-11-06T15:03:24.176,40.380,-6.890,4.756,17.744
1573070604186,2019-11-06T15:03:24.186,40.390,-9.695,9.634,15.793
1573070604196,2019-11-06T15:03:24.196,40.400,-12.073,14.878,14.695
1573070604206,2019-11-06T15:03:24.206,40.410,-12.988,20.000,14.085
1573070604216,2019-11-06T15:03:24.216,40.420,-13.232,24.756,12.927
1573070604226,2019-11-06T15:03:24.226,40.430,-12.866,29.329,11.280
1573070604236,2019-11-06T15:03:24.236,40.440,-11.829,33.415,9.939
1573070604246,2019-11-06T15:03:24.246,40.450,-12.439,37.988,9.146
1573070604256,2019-11-06T15:03:24.256,40.460,-15.976,42.683,9.634
1573070604266,2019-11-06T15:03:24.266,40.470,-20.122,47.317,14.329
1573070604276,2019-11-06T15:03:24.276,40.480,-19.329,52.012,24.390
1573070604286,2019-11-06T15:03:24.286,40.490,-19.085,55.854,31.280
1573070604296,2019-11-06T15:03:24.296,40.500,-25.122,59.695,32.256
1573070604306,2019-11-06T15:03:24.306,40.510,-30.122,63.902,34.268
1573070604316,2019-11-06T15:03:24.316,40.520,-29.390,67.439,40.061
1573070604326,2019-11-06T15:03:24.326,40.530,-26.402,69.634,43.963
1573070604336,2019-11-06T15:03:24.336,40.540,-22.683,70.671,43.720
1573070604346,2019-11-06T15:03:24.346,40.550,-15.610,71.220,41.402
1573070604356,2019-11-06T15:03:24.356,40.560,-5.549,71.280,38.049
1573070604366,2019-11-06T15:03:24.366,40.570,5.854,71.341,33.963
1573070604376,2019-11-06T15:03:24.376,40.580,17.439,70.854,29.573
1573070604386,2019-11-06T15:03:24.386,40.590,27.988,69.695,24.573
1573070604396,2019-11-06T15:03:24.396,40.600,35.610,69.024,18.841
1573070604406,2019-11-06T15:03:24.406,40.610,39.512,68.415,13.171
1573070604416,2019-11-06T15:03:24.416,40.620,41.098,67.683,8.720
1573070604426,2019-11-06T15:03:24.426,40.630,41.524,66.951,5.793
1573070604436,2019-11-06T15:03:24.436,40.640,39.024,66.220,3.171
1573070604446,2019-11-06T15:03:24.446,40.650,33.902,65.732,0.915
1573070604456,2019-11-06T15:03:24.456,40.660,28.720,65.061,-0.427
1573070604466,2019-11-06T15:03:24.466,40.670,23.780,64.268,-1.402
1573070604476,2019-11-06T15:03:24.476,40.680,18.780,63.476,-2.317
1573070604486,2019-11-06T15:03:24.486,40.690,14.634,62.561,-2.561
1573070604496,2019-11-06T15:03:24.496,40.700,11.890,60.976,-2.561
1573070604506,2019-11-06T15:03:24.506,40.710,9.146,59.024,-3.537
1573070604516,2019-11-06T15:03:24.516,40.720,6.280,56.890,-4.512
1573070604526,2019-11-06T15:03:24.526,40.730,3.841,54.573,-4.451
1573070604536,2019-11-06T15:03:24.536,40.740,1.768,52.561,-3.537
1573070604546,2019-11-06T15:03:24.546,40.750,-0.305,50.488,-2.622
1573070604556,2019-11-06T15:03:24.556,40.760,-2.195,48.598,-1.707
1573070604566,2019-11-06T15:03:24.566,40.770,-3.598,47.134,-0.366
1573070604576,2019-11-06T15:03:24.576,40.780,-4.817,46.220,1.280
1573070604586,2019-11-06T15:03:24.586,40.790,-6.098,45.854,2.927
1573070604596,2019-11-06T15:03:24.596,40.800,-7.561,45.854,4.634
1573070604606,2019-11-06T15:03:24.606,40.810,-9.329,46.037,6.707
1573070604616,2019-11-06T15:03:24.616,40.820,-11.829,46.098,8.902
1573070604626,2019-11-06T15:03:24.626,40.830,-14.512,46.098,11.037
1573070604636,2019-11-06T15:03:24.636,40.840,-16.341,45.732,13.659
1573070604646,2019-11-06T15:03:24.646,40.850,-17.622,45.000,16.402
1573070604656,2019-11-06T15:03:24.656,40.860,-18.720,44.085,18.537
1573070604666,2019-11-06T15:03:24.666,40.870,-18.902,43.293,20.671
1573070604676,2019-11-06T15:03:24.676,40.880,-18.841,42.683,22.988
1573070604686,2019-11-06T15:03:24.686,40.890,-18.963,42.134,25.122
1573070604696,2019-11-06T15:03:24.696,40.900,-18.841,41.646,27.012
1573070604706,2019-11-06T15:03:24.706,40.910,-18.232,41.220,28.476
1573070604716,2019-11-06T15:03:24.716,40.920,-17.622,40.793,30.000
1573070604726,2019-11-06T15:03:24.726,40.930,-16.280,40.366,31.341
1573070604736,2019-11-06T15:03:24.736,40.940,-14.512,39.634,32.012
1573070604746,2019-11-06T15:03:24.746,40.950,-12.927,39.085,31.402
1573070604756,2019-11-06T15:03:24.756,40.960,-11.220,38.720,30.366
1573070604766,2019-11-06T15:03:24.766,40.970,-8.537,38.293,29.207
1573070604776,2019-11-06T15:03:24.776,40.980,-5.976,37.927,27.317
1573070604786,2019-11-06T15:03:24.786,40.990,-4.024,37.378,24.695
1573070604796,2019-11-06T15:03:24.796,41.000,-2.073,36.402,22.622
1573070604806,2019-11-06T15:03:24.806,41.010,-0.183,35.061,21.341
1573070604816,2019-11-06T15:03:24.816,41.020,1.646,33.537,20.793
1573070604826,2019-11-06T15:03:24.826,41.030,3.232,31.646,20.183
1573070604836,2019-11-06T15:03:24.836,41.040,4.024,29.451,19.451
1573070604846,2019-11-06T15:03:24.846,41.050,3.598,27.134,18.659
1573070604856,2019-11-06T15:03:24.856,41.060,2.866,24.939,18.780
1573070604866,2019-11-06T15:03:24.866,41.070,1.768,22.378,18.841
1573070604876,2019-11-06T15:03:24.876,41.080,-3.537,19.756,17.439
1573070604886,2019-11-06T15:03:24.886,41.090,-10.976,17.988,20.122
1573070604896,2019-11-06T15:03:24.896,41.100,-14.512,17.134,28.720
1573070604906,2019-11-06T15:03:24.906,41.110,-16.524,15.610,36.341
1573070604916,2019-11-06T15:03:24.916,41.120,-26.037,14.451,35.854
1573070604926,2019-11-06T15:03:24.926,41.130,-34.390,15.122,35.976
1573070604936,2019-11-06T15:03:24.936,41.140,-30.366,15.671,41.707
1573070604946,2019-11-06T15:03:24.946,41.150,-27.805,15.305,41.585
1573070604956,2019-11-06T15:03:24.956,41.160,-33.537,16.585,34.390
1573070604966,2019-11-06T15:03:24.966,41.170,-39.817,19.329,27.317
1573070604976,2019-11-06T15:03:24.976,41.180,-42.256,21.585,23.171
1573070604986,2019-11-06T15:03:24.986,41.190,-44.817,23.902,18.476
1573070604996,2019-11-06T15:03:24.996,41.200,-51.646,26.951,11.463
1573070605006,2019-11-06T15:03:25.006,41.210,-57.927,30.366,6.463
1573070605016,2019-11-06T15:03:25.016,41.220,-59.878,33.232,5.427
1573070605026,2019-11-06T15:03:25.026,41.230,-60.000,35.488,5.549
1573070605036,2019-11-06T15:03:25.036,41.240,-60.000,37.317,5.366
1573070605046,2019-11-06T15:03:25.046,41.250,-58.171,38.415,5.915
1573070605056,2019-11-06T15:03:25.056,41.260,-53.537,38.476,7.622
1573070605066,2019-11-06T15:03:25.066,41.270,-47.012,38.110,10.183
1573070605076,2019-11-06T15:03:25.076,41.280,-40.061,37.561,12.805
1573070605086,2019-11-06T15:03:25.086,41.290,-33.232,36.951,15.000
1573070605096,2019-11-06T15:03:25.096,41.300,-25.915,36.463,17.195
1573070605106,2019-11-06T15:03:25.106,41.310,-18.780,36.341,19.268
1573070605116,2019-11-06T15:03:25.116,41.320,-13.232,36.585,20.427
1573070605126,2019-11-06T15:03:25.126,41.330,-8.780,37.134,20.915
1573070605136,2019-11-06T15:03:25.136,41.340,-4.756,37.805,20.976
1573070605146,2019-11-06T15:03:25.146,41.350,-1.402,38.293,20.610
1573070605156,2019-11-06T15:03:25.156,41.360,1.341,38.841,19.756
1573070605166,2019-11-06T15:03:25.166,41.370,3.659,39.451,19.146
1573070605176,2019-11-06T15:03:25.176,41.380,5.305,39.939,18.598
1573070605186,2019-11-06T15:03:25.186,41.390,6.037,40.366,18.110
1573070605196,2019-11-06T15:03:25.196,41.400,6.829,40.976,18.659
1573070605206,2019-11-06T15:03:25.206,41.410,6.768,41.890,19.390
1573070605216,2019-11-06T15:03:25.216,41.420,5.488,43.110,19.939
1573070605226,2019-11-06T15:03:25.226,41.430,4.695,44.573,21.098
1573070605236,2019-11-06T15:03:25.236,41.440,4.390,46.220,22.927
1573070605246,2019-11-06T15:03:25.246,41.450,3.049,47.988,24.024
1573070605256,2019-11-06T15:03:25.256,41.460,1.037,50.244,24.878
1573070605266,2019-11-06T15:03:25.266,41.470,-0.793,52.622,25.732
1573070605276,2019-11-06T15:03:25.276,41.480,-2.439,55.061,26.646
1573070605286,2019-11-06T15:03:25.286,41.490,-4.024,57.744,27.500
1573070605296,2019-11-06T15:03:25.296,41.500,-5.976,60.671,28.232
1573070605306,2019-11-06T15:03:25.306,41.510,-7.622,63.720,28.841
1573070605316,2019-11-06T15:03:25.316,41.520,-8.659,66.768,29.512
1573070605326,2019-11-06T15:03:25.326,41.530,-9.756,69.756,29.939
1573070605336,2019-11-06T15:03:25.336,41.540,-10.793,72.561,30.061
1573070605346,2019-11-06T15:03:25.346,41.550,-11.220,75.000,29.939
1573070605356,2019-11-06T15:03:25.356,41.560,-11.951,77.012,29.146
1573070605366,2019-11-06T15:03:25.366,41.570,-13.171,79.146,27.988
1573070605376,2019-11-06T15:03:25.376,41.580,-14.207,81.585,27.195
1573070605386,2019-11-06T15:03:25.386,41.590,-14.573,83.780,26.159
1573070605396,2019-11-06T15:03:25.396,41.600,-15.000,85.915,23.963
1573070605406,2019-11-06T15:03:25.406,41.610,-15.549,88.659,21.159
1573070605416,2019-11-06T15:03:25.416,41.620,-16.341,91.341,18.110
1573070605426,2019-11-06T15:03:25.426,41.630,-16.098,93.780,15.366
1573070605436,2019-11-06T15:03:25.436,41.640,-15.671,95.732,12.622
1573070605446,2019-11-06T15:03:25.446,41.650,-15.854,96.890,9.512
1573070605456,2019-11-06T15:03:25.456,41.660,-17.439,97.378,6.341
1573070605466,2019-11-06T15:03:25.466,41.670,-20.976,97.134,3.537
1573070605476,2019-11-06T15:03:25.476,41.680,-23.902,96.829,4.024
1573070605486,2019-11-06T15:03:25.486,41.690,-24.512,95.854,7.439
1573070605496,2019-11-06T15:03:25.496,41.700,-25.427,94.695,10.244
1573070605506,2019-11-06T15:03:25.506,41.710,-29.329,93.415,10.854
1573070605516,2019-11-06T15:03:25.516,41.720,-31.829,92.439,12.500
1573070605526,2019-11-06T15:03:25.526,41.730,-30.122,91.402,15.549
1573070605536,2019-11-06T15:03:25.536,41.740,-29.329,89.573,16.159
1573070605546,2019-11-06T15:03:25.546,41.750,-29.390,87.500,14.634
1573070605556,2019-11-06T15:03:25.556,41.760,-26.768,85.366,13.963
1573070605566,2019-11-06T15:03:25.566,41.770,-21.829,83.049,14.573
1573070605576,2019-11-06T15:03:25.576,41.780,-17.073,80.427,14.695
1573070605586,2019-11-06T15:03:25.586,41.790,-13.598,78.171,14.329
1573070605596,2019-11-06T15:03:25.596,41.800,-10.976,76.341,14.695
1573070605606,2019-11-06T15:03:25.606,41.810,-9.268,75.061,16.280
1573070605616,2019-11-06T15:03:25.616,41.820,-8.537,74.024,18.537
1573070605626,2019-11-06T15:03:25.626,41.830,-9.024,73.293,21.341
1573070605636,2019-11-06T15:03:25.636,41.840,-9.634,72.805,24.817
1573070605646,2019-11-06T15:03:25.646,41.850,-10.000,72.317,28.659
1573070605656,2019-11-06T15:03:25.656,41.860,-9.939,71.890,32.866
1573070605666,2019-11-06T15:03:25.666,41.870,-10.244,71.220,37.073
1573070605676,2019-11-06T15:03:25.676,41.880,-10.061,70.549,41.098
1573070605686,2019-11-06T15:03:25.686,41.890,-9.085,69.878,44.390
1573070605696,2019-11-06T15:03:25.696,41.900,-8.049,68.902,46.524
1573070605706,2019-11-06T15:03:25.706,41.910,-5.976,67.805,48.415
1573070605716,2019-11-06T15:03:25.716,41.920,-2.866,66.829,49.634
1573070605726,2019-11-06T15:03:25.726,41.930,-0.183,65.976,49.085
1573070605736,2019-11-06T15:03:25.736,41.940,2.256,65.061,47.622
1573070605746,2019-11-06T15:03:25.746,41.950,5.793,64.329,45.915
1573070605756,2019-11-06T15:03:25.756,41.960,9.451,63.232,43.110
1573070605766,2019-11-06T15:03:25.766,41.970,12.561,61.829,39.207
1573070605776,2019-11-06T15:03:25.776,41.980,15.610,60.244,34.878
1573070605786,2019-11-06T15:03:25.786,41.990,19.024,58.354,30.671
1573070605796,2019-11-06T15:03:25.796,42.000,21.585,56.402,26.037
1573070605806,2019-11-06T15:03:25.806,42.010,23.110,54.390,21.037
1573070605816,2019-11-06T15:03:25.816,42.020,25.244,52.195,16.768
1573070605826,2019-11-06T15:03:25.826,42.030,27.256,49.878,12.439
1573070605836,2019-11-06T15:03:25.836,42.040,27.988,47.683,7.866
1573070605846,2019-11-06T15:03:25.846,42.050,28.415,45.732,3.110
1573070605856,2019-11-06T15:03:25.856,42.060,29.085,43.780,-1.037
1573070605866,2019-11-06T15:03:25.866,42.070,29.085,41.951,-4.573
1573070605876,2019-11-06T15:03:25.876,42.080,28.293,40.244,-8.049
1573070605886,2019-11-06T15:03:25.886,42.090,27.439,38.537,-10.671
1573070605896,2019-11-06T15:03:25.896,42.100,26.037,36.585,-12.317
1573070605906,2019-11-06T15:03:25.906,42.110,23.354,35.061,-13.415
1573070605916,2019-11-06T15:03:25.916,42.120,20.122,33.659,-13.476
1573070605926,2019-11-06T15:03:25.926,42.130,17.378,31.890,-12.195
1573070605936,2019-11-06T15:03:25.936,42.140,15.000,29.939,-10.671
1573070605946,2019-11-06T15:03:25.946,42.150,12.561,27.744,-8.537
1573070605956,2019-11-06T15:03:25.956,42.160,10.549,25.305,-6.098
1573070605966,2019-11-06T15:03:25.966,42.170,9.146,22.744,-3.354
1573070605976,2019-11-06T15:03:25.976,42.180,8.598,20.122,-0.122
1573070605986,2019-11-06T15:03:25.986,42.190,8.110,17.561,2.927
1573070605996,2019-11-06T15:03:25.996,42.200,7.317,15.183,5.549
1573070606006,2019-11-06T15:03:26.006,42.210,6.646,12.988,8.110
1573070606016,2019-11-06T15:03:26.016,42.220,5.610,10.915,10.427
1573070606026,2019-11-06T15:03:26.026,42.230,4.329,9.085,12.134
1573070606036,2019-11-06T15:03:26.036,42.240,3.171,7.378,13.537
1573070606046,2019-11-06T15:03:26.046,42.250,2.256,5.854,14.939
1573070606056,2019-11-06T15:03:26.056,42.260,1.890,4.329,16.037
1573070606066,2019-11-06T15:03:26.066,42.270,1.646,2.988,16.463
1573070606076,2019-11-06T15:03:26.076,42.280,1.829,1.829,16.524
1573070606086,2019-11-06T15:03:26.086,42.290,2.866,0.915,16.220
1573070606096,2019-11-06T15:03:26.096,42.300,3.293,0.244,14.939
1573070606106,2019-11-06T15:03:26.106,42.310,2.927,-0.366,13.171
1573070606116,2019-11-06T15:03:26.116,42.320,3.841,-0.732,12.622
1573070606126,2019-11-06T15:03:26.126,42.330,1.463,-1.341,9.878
1573070606136,2019-11-06T15:03:26.136,42.340,-2.683,-1.829,7.927
1573070606146,2019-11-06T15:03:26.146,42.350,1.524,-2.073,12.134
1573070606156,2019-11-06T15:03:26.156,42.360,9.146,-3.110,16.220
1573070606166,2019-11-06T15:03:26.166,42.370,10.122,-3.780,13.963
1573070606176,2019-11-06T15:03:26.176,42.380,7.866,-3.232,10.122
1573070606186,2019-11-06T15:03:26.186,42.390,7.927,-2.378,9.207
1573070606196,2019-11-06T15:03:26.196,42.400,7.683,-2.012,9.451
1573070606206,2019-11-06T15:03:26.206,42.410,4.512,-1.341,8.659
1573070606216,2019-11-06T15:03:26.216,42.420,-0.122,-0.122,7.988
1573070606226,2019-11-06T15:03:26.226,42.430,-4.573,1.524,8.171
1573070606236,2019-11-06T15:03:26.236,42.440,-9.451,3.780,7.988
1573070606246,2019-11-06T15:03:26.246,42.450,-14.939,6.463,7.073
1573070606256,2019-11-06T15:03:26.256,42.460,-20.488,9.451,6.585
1573070606266,2019-11-06T15:03:26.266,42.470,-26.402,12.866,6.707
1573070606276,2019-11-06T15:03:26.276,42.480,-31.829,16.341,7.073
1573070606286,2019-11-06T15:03:26.286,42.490,-36.768,20.122,7.622
1573070606296,2019-11-06T15:03:26.296,42.500,-41.402,23.780,8.476
1573070606306,2019-11-06T15:03:26.306,42.510,-45.610,27.317,9.695
1573070606316,2019-11-06T15:03:26.316,42.520,-49.695,30.732,11.220
1573070606326,2019-11-06T15:03:26.326,42.530,-52.317,33.476,13.110
1573070606336,2019-11-06T15:03:26.336,42.540,-53.720,35.976,15.366
1573070606346,2019-11-06T15:03:26.346,42.550,-54.451,38.659,17.683
1573070606356,2019-11-06T15:03:26.356,42.560,-54.329,41.098,20.366
1573070606366,2019-11-06T15:03:26.366,42.570,-53.902,43.476,23.049
1573070606376,2019-11-06T15:03:26.376,42.580,-52.744,45.427,25.122
1573070606386,2019-11-06T15:03:26.386,42.590,-50.671,47.073,26.402
1573070606396,2019-11-06T15:03:26.396,42.600,-49.146,48.415,26.463
1573070606406,2019-11-06T15:03:26.406,42.610,-47.805,49.634,25.366
1573070606416,2019-11-06T15:03:26.416,42.620,-45.915,50.549,23.293
1573070606426,2019-11-06T15:03:26.426,42.630,-42.500,50.854,21.098
1573070606436,2019-11-06T15:03:26.436,42.640,-37.866,50.671,18.780
1573070606446,2019-11-06T15:03:26.446,42.650,-32.927,50.427,16.280
1573070606456,2019-11-06T15:03:26.456,42.660,-27.866,49.512,13.659
1573070606466,2019-11-06T15:03:26.466,42.670,-23.232,48.110,11.037
1573070606476,2019-11-06T15:03:26.476,42.680,-18.902,46.341,8.780
1573070606486,2019-11-06T15:03:26.486,42.690,-14.756,44.268,6.707
1573070606496,2019-11-06T15:03:26.496,42.700,-11.402,42.073,4.390
1573070606506,2019-11-06T15:03:26.506,42.710,-8.354,39.878,2.134
1573070606516,2019-11-06T15:03:26.516,42.720,-6.159,37.500,-0.671
1573070606526,2019-11-06T15:03:26.526,42.730,-4.573,35.000,-4.024
1573070606536,2019-11-06T15:03:26.536,42.740,-3.232,32.500,-7.439
1573070606546,2019-11-06T15:03:26.546,42.750,-1.951,30.122,-11.037
1573070606556,2019-11-06T15:03:26.556,42.760,-1.159,27.622,-14.817
1573070606566,2019-11-06T15:03:26.566,42.770,-0.610,24.695,-18.293
1573070606576,2019-11-06T15:03:26.576,42.780,0.366,22.134,-20.122
1573070606586,2019-11-06T15:03:26.586,42.790,1.768,19.817,-20.732
1573070606596,2019-11-06T15:03:26.596,42.800,2.317,17.683,-21.402
1573070606606,2019-11-06T15:03:26.606,42.810,2.256,15.732,-21.951
1573070606616,2019-11-06T15:03:26.616,42.820,2.195,13.902,-21.951
1573070606626,2019-11-06T15:03:26.626,42.830,2.073,11.951,-21.524
1573070606636,2019-11-06T15:03:26.636,42.840,2.073,10.244,-20.915
1573070606646,2019-11-06T15:03:26.646,42.850,1.707,8.598,-20.305
1573070606656,2019-11-06T15:03:26.656,42.860,1.463,7.012,-19.329
1573070606666,2019-11-06T15:03:26.666,42.870,2.073,5.793,-18.293
1573070606676,2019-11-06T15:03:26.676,42.880,2.500,4.634,-17.805
1573070606686,2019-11-06T15:03:26.686,42.890,2.195,3.415,-18.354
1573070606696,2019-11-06T15:03:26.696,42.900,2.256,2.561,-19.268
1573070606706,2019-11-06T15:03:26.706,42.910,2.561,1.585,-20.244
1573070606716,2019-11-06T15:03:26.716,42.920,2.500,0.610,-21.402
1573070606726,2019-11-06T15:03:26.726,42.930,2.683,-0.305,-22.622
1573070606736,2019-11-06T15:03:26.736,42.940,3.049,-0.976,-23.841
1573070606746,2019-11-06T15:03:26.746,42.950,2.805,-1.402,-25.061
1573070606756,2019-11-06T15:03:26.756,42.960,2.317,-1.890,-25.793
1573070606766,2019-11-06T15:03:26.766,42.970,2.073,-2.073,-26.037
1573070606776,2019-11-06T15:03:26.776,42.980,1.585,-2.073,-26.037
1573070606786,2019-11-06T15:03:26.786,42.990,0.610,-2.073,-25.732
1573070606796,2019-11-06T15:03:26.796,43.000,0.000,-2.134,-24.939
1573070606806,2019-11-06T15:03:26.806,43.010,0.488,-2.134,-23.415
1573070606816,2019-11-06T15:03:26.816,43.020,0.488,-2.012,-22.012
1573070606826,2019-11-06T15:03:26.826,43.030,0.488,-2.134,-20.732
1573070606836,2019-11-06T15:03:26.836,43.040,1.585,-2.378,-19.085
1573070606846,2019-11-06T15:03:26.846,43.050,2.683,-2.561,-17.256
1573070606856,2019-11-06T15:03:26.856,43.060,2.988,-2.683,-15.610
1573070606866,2019-11-06T15:03:26.866,43.070,3.110,-3.110,-14.512
1573070606876,2019-11-06T15:03:26.876,43.080,3.415,-3.415,-13.598
1573070606886,2019-11-06T15:03:26.886,43.090,3.780,-3.902,-12.988
1573070606896,2019-11-06T15:03:26.896,43.100,3.841,-4.451,-12.744
1573070606906,2019-11-06T15:03:26.906,43.110,3.902,-5.183,-12.683
1573070606916,2019-11-06T15:03:26.916,43.120,3.293,-6.402,-12.561
1573070606926,2019-11-06T15:03:26.926,43.130,2.683,-7.317,-12.927
1573070606936,2019-11-06T15:03:26.936,43.140,2.439,-8.415,-13.902
1573070606946,2019-11-06T15:03:26.946,43.150,3.110,-10.122,-14.451
1573070606956,2019-11-06T15:03:26.956,43.160,4.268,-12.134,-15.305
1573070606966,2019-11-06T15:03:26.966,43.170,5.732,-14.451,-16.159
1573070606976,2019-11-06T15:03:26.976,43.180,7.256,-16.768,-16.646
1573070606986,2019-11-06T15:03:26.986,43.190,8.598,-19.451,-17.500
1573070606996,2019-11-06T15:03:26.996,43.200,9.695,-22.439,-18.537
1573070607006,2019-11-06T15:03:27.006,43.210,10.488,-25.305,-19.390
1573070607016,2019-11-06T15:03:27.016,43.220,11.220,-28.232,-19.939
1573070607026,2019-11-06T15:03:27.026,43.230,11.585,-31.098,-20.549
1573070607036,2019-11-06T15:03:27.036,43.240,11.402,-33.780,-21.524
1573070607046,2019-11-06T15:03:27.046,43.250,11.463,-36.402,-22.439
1573070607056,2019-11-06T15:03:27.056,43.260,11.890,-38.537,-22.500
1573070607066,2019-11-06T15:03:27.066,43.270,12.134,-40.610,-22.866
1573070607076,2019-11-06T15:03:27.076,43.280,12.134,-42.439,-24.146
1573070607086,2019-11-06T15:03:27.086,43.290,12.317,-43.780,-26.098
1573070607096,2019-11-06T15:03:27.096,43.300,13.963,-45.183,-27.378
1573070607106,2019-11-06T15:03:27.106,43.310,15.671,-46.220,-28.354
1573070607116,2019-11-06T15:03:27.116,43.320,16.402,-47.012,-29.878
1573070607126,2019-11-06T15:03:27.126,43.330,16.951,-47.317,-31.402
1573070607136,2019-11-06T15:03:27.136,43.340,17.500,-47.317,-32.195
1573070607146,2019-11-06T15:03:27.146,43.350,17.683,-47.195,-32.744
1573070607156,2019-11-06T15:03:27.156,43.360,17.012,-46.890,-33.659
1573070607166,2019-11-06T15:03:27.166,43.370,16.159,-46.463,-34.329
1573070607176,2019-11-06T15:03:27.176,43.380,15.549,-45.976,-34.634
1573070607186,2019-11-06T15:03:27.186,43.390,14.329,-45.427,-35.732
1573070607196,2019-11-06T15:03:27.196,43.400,12.927,-44.878,-37.378
1573070607206,2019-11-06T15:03:27.206,43.410,12.622,-44.268,-38.720
1573070607216,2019-11-06T15:03:27.216,43.420,12.256,-43.720,-40.000
1573070607226,2019-11-06T15:03:27.226,43.430,11.159,-42.866,-41.463
1573070607236,2019-11-06T15:03:27.236,43.440,10.244,-41.768,-42.927
1573070607246,2019-11-06T15:03:27.246,43.450,10.000,-40.854,-44.451
1573070607256,2019-11-06T15:03:27.256,43.460,9.634,-39.878,-46.463
1573070607266,2019-11-06T15:03:27.266,43.470,9.634,-39.085,-48.171
1573070607276,2019-11-06T15:03:27.276,43.480,10.183,-38.476,-49.268
1573070607286,2019-11-06T15:03:27.286,43.490,10.488,-37.866,-50.488
1573070607296,2019-11-06T15:03:27.296,43.500,10.732,-37.256,-51.707
1573070607306,2019-11-06T15:03:27.306,43.510,11.220,-36.524,-52.317
1573070607316,2019-11-06T15:03:27.316,43.520,11.829,-35.976,-52.439
1573070607326,2019-11-06T15:03:27.326,43.530,11.951,-35.244,-52.317
1573070607336,2019-11-06T15:03:27.336,43.540,11.220,-34.634,-52.561
1573070607346,2019-11-06T15:03:27.346,43.550,10.549,-33.720,-52.866
1573070607356,2019-11-06T15:03:27.356,43.560,10.000,-32.927,-53.354
1573070607366,2019-11-06T15:03:27.366,43.570,9.268,-32.256,-53.659
1573070607376,2019-11-06T15:03:27.376,43.580,9.268,-31.585,-53.659
1573070607386,2019-11-06T15:03:27.386,43.590,9.695,-31.341,-54.207
1573070607396,2019-11-06T15:03:27.396,43.600,9.878,-31.098,-55.427
1573070607406,2019-11-06T15:03:27.406,43.610,10.305,-30.854,-56.341
1573070607416,2019-11-06T15:03:27.416,43.620,11.098,-30.793,-56.341
1573070607426,2019-11-06T15:03:27.426,43.630,10.976,-30.854,-56.220
1573070607436,2019-11-06T15:03:27.436,43.640,9.878,-30.671,-56.402
1573070607446,2019-11-06T15:03:27.446,43.650,9.024,-30.183,-56.768
1573070607456,2019-11-06T15:03:27.456,43.660,8.110,-29.451,-57.012
1573070607466,2019-11-06T15:03:27.466,43.670,7.256,-28.780,-57.378
1573070607476,2019-11-06T15:03:27.476,43.680,6.707,-28.171,-58.354
1573070607486,2019-11-06T15:03:27.486,43.690,5.976,-27.622,-59.512
1573070607496,2019-11-06T15:03:27.496,43.700,4.878,-26.707,-60.183
1573070607506,2019-11-06T15:03:27.506,43.710,4.390,-25.549,-59.756
1573070607516,2019-11-06T15:03:27.516,43.720,4.146,-24.024,-58.415
1573070607526,2019-11-06T15:03:27.526,43.730,2.744,-22.195,-57.256
1573070607536,2019-11-06T15:03:27.536,43.740,1.951,-20.122,-54.451
1573070607546,2019-11-06T15:03:27.546,43.750,3.232,-17.744,-48.659
1573070607556,2019-11-06T15:03:27.556,43.760,3.415,-15.610,-43.293
1573070607566,2019-11-06T15:03:27.566,43.770,2.866,-13.293,-38.659
1573070607576,2019-11-06T15:03:27.576,43.780,4.634,-11.159,-32.378
1573070607586,2019-11-06T15:03:27.586,43.790,6.890,-9.207,-26.159
1573070607596,2019-11-06T15:03:27.596,43.800,7.012,-7.317,-22.622
1573070607606,2019-11-06T15:03:27.606,43.810,8.171,-5.671,-19.207
1573070607616,2019-11-06T15:03:27.616,43.820,10.244,-4.268,-14.817
1573070607626,2019-11-06T15:03:27.626,43.830,11.951,-3.171,-10.549
1573070607636,2019-11-06T15:03:27.636,43.840,13.354,-2.317,-6.890
1573070607646,2019-11-06T15:03:27.646,43.850,14.817,-1.768,-3.963
1573070607656,2019-11-06T15:03:27.656,43.860,16.341,-1.524,-1.159
1573070607666,2019-11-06T15:03:27.666,43.870,18.354,-1.280,1.585
1573070607676,2019-11-06T15:03:27.676,43.880,19.878,-1.098,3.598
1573070607686,2019-11-06T15:03:27.686,43.890,20.671,-0.854,4.573
1573070607696,2019-11-06T15:03:27.696,43.900,21.341,-0.732,5.244
1573070607706,2019-11-06T15:03:27.706,43.910,22.073,-0.610,5.854
1573070607716,2019-11-06T15:03:27.716,43.920,22.744,-0.549,6.280
1573070607726,2019-11-06T15:03:27.726,43.930,23.232,-0.366,6.280
1573070607736,2019-11-06T15:03:27.736,43.940,23.598,0.000,6.280
1573070607746,2019-11-06T15:03:27.746,43.950,23.902,0.366,6.280
1573070607756,2019-11-06T15:03:27.756,43.960,24.451,0.488,6.280
1573070607766,2019-11-06T15:03:27.766,43.970,25.122,0.549,6.646
1573070607776,2019-11-06T15:03:27.776,43.980,26.280,0.305,7.561
1573070607786,2019-11-06T15:03:27.786,43.990,27.988,0.366,8.598
1573070607796,2019-11-06T15:03:27.796,44.000,28.720,0.854,7.866
1573070607806,2019-11-06T15:03:27.806,44.010,27.988,1.341,5.305
1573070607816,2019-11-06T15:03:27.816,44.020,26.402,1.402,2.866
1573070607826,2019-11-06T15:03:27.826,44.030,25.427,1.037,1.524
1573070607836,2019-11-06T15:03:27.836,44.040,24.695,0.366,-0.366
1573070607846,2019-11-06T15:03:27.846,44.050,23.720,-0.244,-2.683
1573070607856,2019-11-06T15:03:27.856,44.060,22.988,-0.854,-4.329
1573070607866,2019-11-06T15:03:27.866,44.070,22.378,-1.768,-6.341
1573070607876,2019-11-06T15:03:27.876,44.080,21.463,-2.683,-8.841
1573070607886,2019-11-06T15:03:27.886,44.090,20.183,-3.537,-11.341
1573070607896,2019-11-06T15:03:27.896,44.100,18.902,-4.451,-13.780
1573070607906,2019-11-06T15:03:27.906,44.110,17.988,-5.122,-15.671
1573070607916,2019-11-06T15:03:27.916,44.120,17.134,-5.854,-17.012
1573070607926,2019-11-06T15:03:27.926,44.130,15.732,-6.951,-17.744
1573070607936,2019-11-06T15:03:27.936,44.140,13.963,-7.622,-17.927
1573070607946,2019-11-06T15:03:27.946,44.150,11.829,-7.805,-17.744
1573070607956,2019-11-06T15:03:27.956,44.160,9.756,-7.988,-17.012
1573070607966,2019-11-06T15:03:27.966,44.170,7.683,-7.988,-16.463
1573070607976,2019-11-06T15:03:27.976,44.180,6.463,-7.988,-16.037
1573070607986,2019-11-06T15:03:27.986,44.190,6.098,-7.988,-15.305
1573070607996,2019-11-06T15:03:27.996,44.200,5.488,-7.805,-14.939
1573070608006,2019-11-06T15:03:28.006,44.210,4.207,-7.500,-14.817
1573070608016,2019-11-06T15:03:28.016,44.220,2.988,-7.073,-14.390
1573070608026,2019-11-06T15:03:28.026,44.230,1.768,-6.646,-13.659
1573070608036,2019-11-06T15:03:28.036,44.240,0.671,-6.280,-12.378
1573070608046,2019-11-06T15:03:28.046,44.250,0.244,-6.341,-10.671
1573070608056,2019-11-06T15:03:28.056,44.260,0.244,-6.524,-8.659
1573070608066,2019-11-06T15:03:28.066,44.270,-0.061,-6.341,-6.890
1573070608076,2019-11-06T15:03:28.076,44.280,-0.610,-6.341,-5.732
1573070608086,2019-11-06T15:03:28.086,44.290,-1.098,-6.159,-5.061
1573070608096,2019-11-06T15:03:28.096,44.300,-1.159,-6.037,-4.573
1573070608106,2019-11-06T15:03:28.106,44.310,-0.854,-6.098,-4.390
1573070608116,2019-11-06T15:03:28.116,44.320,-0.610,-6.159,-4.146
1573070608126,2019-11-06T15:03:28.126,44.330,-0.549,-6.159,-3.963
1573070608136,2019-11-06T15:03:28.136,44.340,-0.183,-6.037,-3.963
1573070608146,2019-11-06T15:03:28.146,44.350,0.122,-6.037,-3.780
1573070608156,2019-11-06T15:03:28.156,44.360,0.183,-5.915,-3.415
1573070608166,2019-11-06T15:03:28.166,44.370,0.488,-5.671,-2.927
1573070608176,2019-11-06T15:03:28.176,44.380,0.793,-5.305,-2.256
1573070608186,2019-11-06T15:03:28.186,44.390,0.915,-4.939,-1.463
1573070608196,2019-11-06T15:03:28.196,44.400,0.671,-4.512,-0.793
1573070608206,2019-11-06T15:03:28.206,44.410,0.549,-4.146,-0.305
1573070608216,2019-11-06T15:03:28.216,44.420,0.976,-3.902,0.244
1573070608226,2019-11-06T15:03:28.226,44.430,1.646,-3.841,0.671
1573070608236,2019-11-06T15:03:28.236,44.440,2.439,-3.841,0.915
1573070608246,2019-11-06T15:03:28.246,44.450,2.927,-3.780,1.098
1573070608256,2019-11-06T15:03:28.256,44.460,3.415,-3.780,1.280
1573070608266,2019-11-06T15:03:28.266,44.470,3.780,-3.720,1.524
1573070608276,2019-11-06T15:03:28.276,44.480,3.902,-3.720,1.707
1573070608286,2019-11-06T15:03:28.286,44.490,3.841,-3.415,1.829
1573070608296,2019-11-06T15:03:28.296,44.500,3.841,-3.354,2.195
1573070608306,2019-11-06T15:03:28.306,44.510,3.537,-3.171,2.500
1573070608316,2019-11-06T15:03:28.316,44.520,3.293,-3.110,2.866
1573070608326,2019-11-06T15:03:28.326,44.530,3.049,-2.927,2.988
1573070608336,2019-11-06T15:03:28.336,44.540,2.439,-2.866,2.927
1573070608346,2019-11-06T15:03:28.346,44.550,1.829,-2.683,2.866
1573070608356,2019-11-06T15:03:28.356,44.560,1.402,-2.378,2.805
1573070608366,2019-11-06T15:03:28.366,44.570,1.037,-2.012,2.622
1573070608376,2019-11-06T15:03:28.376,44.580,0.732,-1.585,2.500
1573070608386,2019-11-06T15:03:28.386,44.590,0.671,-1.220,2.378
1573070608396,2019-11-06T15:03:28.396,44.600,0.732,-1.159,2.683
1573070608406,2019-11-06T15:03:28.406,44.610,1.220,-1.159,3.171
1573070608416,2019-11-06T15:03:28.416,44.620,2.012,-1.098,3.720
1573070608426,2019-11-06T15:03:28.426,44.630,2.439,-1.220,4.146
1573070608436,2019-11-06T15:03:28.436,44.640,2.622,-1.646,4.634
1573070608446,2019-11-06T15:03:28.446,44.650,3.110,-1.585,4.939
1573070608456,2019-11-06T15:03:28.456,44.660,3.720,-1.524,4.939
1573070608466,2019-11-06T15:03:28.466,44.670,3.780,-1.402,4.939
1573070608476,2019-11-06T15:03:28.476,44.680,3.598,-1.341,5.000
1573070608486,2019-11-06T15:03:28.486,44.690,3.841,-1.280,5.183
1573070608496,2019-11-06T15:03:28.496,44.700,3.963,-1.341,5.427
1573070608506,2019-11-06T15:03:28.506,44.710,3.902,-1.402,4.939
1573070608516,2019-11-06T15:03:28.516,44.720,4.024,-1.524,3.841
1573070608526,2019-11-06T15:03:28.526,44.730,4.390,-1.707,3.110
1573070608536,2019-11-06T15:03:28.536,44.740,4.756,-1.707,2.744
1573070608546,2019-11-06T15:03:28.546,44.750,4.634,-1.646,2.500
1573070608556,2019-11-06T15:03:28.556,44.760,4.207,-1.524,2.012
1573070608566,2019-11-06T15:03:28.566,44.770,3.780,-1.280,1.646
1573070608576,2019-11-06T15:03:28.576,44.780,3.537,-1.280,1.768
1573070608586,2019-11-06T15:03:28.586,44.790,3.598,-1.220,1.646
1573070608596,2019-11-06T15:03:28.596,44.800,3.415,-1.159,0.976
1573070608606,2019-11-06T15:03:28.606,44.810,3.780,-1.220,1.159
1573070608616,2019-11-06T15:03:28.616,44.820,4.207,-1.402,1.585
1573070608626,2019-11-06T15:03:28.626,44.830,4.268,-1.585,1.768
1573070608636,2019-11-06T15:03:28.636,44.840,4.207,-1.585,2.256
1573070608646,2019-11-06T15:03:28.646,44.850,3.902,-1.768,2.256
1573070608656,2019-11-06T15:03:28.656,44.860,3.537,-1.951,1.159
1573070608666,2019-11-06T15:03:28.666,44.870,2.988,-2.378,0.183
1573070608676,2019-11-06T15:03:28.676,44.880,4.329,-3.232,1.951
1573070608686,2019-11-06T15:03:28.686,44.890,7.134,-3.963,5.000
1573070608696,2019-11-06T15:03:28.696,44.900,8.963,-4.207,7.073
1573070608706,2019-11-06T15:03:28.706,44.910,9.756,-4.085,8.354
1573070608716,2019-11-06T15:03:28.716,44.920,10.488,-3.841,9.634
1573070608726,2019-11-06T15:03:28.726,44.930,10.549,-3.841,11.159
1573070608736,2019-11-06T15:03:28.736,44.940,10.366,-3.841,12.012
1573070608746,2019-11-06T15:03:28.746,44.950,10.488,-3.354,11.341
1573070608756,2019-11-06T15:03:28.756,44.960,10.976,-2.134,8.841
1573070608766,2019-11-06T15:03:28.766,44.970,10.122,0.061,4.024
1573070608776,2019-11-06T15:03:28.776,44.980,6.159,2.012,-2.195
1573070608786,2019-11-06T15:03:28.786,44.990,1.951,2.134,-4.695
1573070608796,2019-11-06T15:03:28.796,45.000,1.646,0.854,-1.646
1573070608806,2019-11-06T15:03:28.806,45.010,3.841,0.122,2.622
1573070608816,2019-11-06T15:03:28.816,45.020,4.024,0.244,4.512
1573070608826,2019-11-06T15:03:28.826,45.030,3.171,0.488,4.268
1573070608836,2019-11-06T15:03:28.836,45.040,1.585,0.671,2.134
1573070608846,2019-11-06T15:03:28.846,45.050,-0.549,0.488,-0.488
